ID,Name,Temperature,Rainfall,Spawn Chance,Min Height,Max Height,Types,Class
0,Ocean,0.5,0.5,0.1,-1.0,0.4,WATER,net.minecraft.world.biome.BiomeGenOcean
1,Plains,0.8,0.4,0.1,0.1,0.3,PLAINS,net.minecraft.world.biome.BiomeGenPlains
2,Desert,2.0,0.0,0.1,0.1,0.2,DESERT,net.minecraft.world.biome.BiomeGenDesert
3,Extreme Hills,0.2,0.3,0.1,0.3,1.5,MOUNTAIN,net.minecraft.world.biome.BiomeGenHills
4,Forest,0.7,0.8,0.1,0.1,0.3,FOREST,net.minecraft.world.biome.BiomeGenForest
5,Taiga,0.05,0.8,0.1,0.1,0.4,"FOREST, FROZEN",net.minecraft.world.biome.BiomeGenTaiga
6,Swampland,0.8,0.9,0.1,-0.2,0.1,SWAMP,net.minecraft.world.biome.BiomeGenSwamp
7,River,0.5,0.5,0.1,-0.5,0.0,WATER,net.minecraft.world.biome.BiomeGenRiver
8,Hell,2.0,0.0,0.1,0.1,0.3,NETHER,net.minecraft.world.biome.BiomeGenHell
9,Sky,0.5,0.5,0.1,0.1,0.3,END,net.minecraft.world.biome.BiomeGenEnd
10,FrozenOcean,0.0,0.5,0.1,-1.0,0.5,"WATER, FROZEN",net.minecraft.world.biome.BiomeGenOcean
11,FrozenRiver,0.0,0.5,0.1,-0.5,0.0,"WATER, FROZEN",net.minecraft.world.biome.BiomeGenRiver
12,Ice Plains,0.0,0.5,0.1,0.1,0.3,FROZEN,net.minecraft.world.biome.BiomeGenSnow
13,Ice Mountains,0.0,0.5,0.1,0.3,1.3,FROZEN,net.minecraft.world.biome.BiomeGenSnow
14,MushroomIsland,0.9,1.0,0.1,0.2,1.0,MUSHROOM,net.minecraft.world.biome.BiomeGenMushroomIsland
15,MushroomIslandShore,0.9,1.0,0.1,-1.0,0.1,"BEACH, MUSHROOM",net.minecraft.world.biome.BiomeGenMushroomIsland
16,Beach,0.8,0.4,0.1,0.0,0.1,BEACH,net.minecraft.world.biome.BiomeGenBeach
17,DesertHills,2.0,0.0,0.1,0.3,0.8,DESERT,net.minecraft.world.biome.BiomeGenDesert
18,ForestHills,0.7,0.8,0.1,0.3,0.7,FOREST,net.minecraft.world.biome.BiomeGenForest
19,TaigaHills,0.05,0.8,0.1,0.3,0.8,"FOREST, FROZEN",net.minecraft.world.biome.BiomeGenTaiga
20,Extreme Hills Edge,0.2,0.3,0.1,0.2,0.8,MOUNTAIN,net.minecraft.world.biome.BiomeGenHills
21,Jungle,1.2,0.9,0.1,0.2,0.4,JUNGLE,net.minecraft.world.biome.BiomeGenJungle
22,JungleHills,1.2,0.9,0.1,1.8,0.5,JUNGLE,net.minecraft.world.biome.BiomeGenJungle
23,Storage Cell,-100.0,0.5,0.1,0.1,0.3,"PLAINS, FROZEN",appeng.world.BiomeGenStorage
24,null,null,null,null
25,null,null,null,null
26,null,null,null,null
27,null,null,null,null
28,null,null,null,null
29,null,null,null,null
30,null,null,null,null
31,null,null,null,null
32,null,null,null,null
33,null,null,null,null
34,null,null,null,null
35,null,null,null,null
36,null,null,null,null
37,null,null,null,null
38,null,null,null,null
39,null,null,null,null
40,null,null,null,null
41,null,null,null,null
42,null,null,null,null
43,null,null,null,null
44,null,null,null,null
45,null,null,null,null
46,null,null,null,null
47,null,null,null,null
48,null,null,null,null
49,null,null,null,null
50,null,null,null,null
51,null,null,null,null
52,null,null,null,null
53,null,null,null,null
54,null,null,null,null
55,null,null,null,null
56,null,null,null,null
57,null,null,null,null
58,null,null,null,null
59,null,null,null,null
60,null,null,null,null
61,null,null,null,null
62,null,null,null,null
63,null,null,null,null
64,null,null,null,null
65,null,null,null,null
66,null,null,null,null
67,null,null,null,null
68,null,null,null,null
69,null,null,null,null
70,Twilight Lake,0.66,1.0,0.12,-1.9,0.5,"FOREST, WATER",twilightforest.biomes.TFBiomeTwilightLake
71,Twilight Forest,0.5,0.5,0.12,0.1,0.3,FOREST,twilightforest.biomes.TFBiomeTwilightForest
72,Dense Twilight Forest,0.7,0.8,0.12,0.15,0.4,FOREST,twilightforest.biomes.TFBiomeTwilightForestVariant
73,Highlands,0.5,0.3,0.12,2.5,0.4,"FOREST, MOUNTAIN",twilightforest.biomes.TFBiomeHighlands
74,Mushrooms,0.5,0.8,0.12,0.1,0.3,"FOREST, MUSHROOM",twilightforest.biomes.TFBiomeMushrooms
75,Twilight Swamp,0.8,0.9,0.12,-0.25,0.0,"FOREST, SWAMP",twilightforest.biomes.TFBiomeSwamp
76,Twilight Stream,0.5,1.0,0.12,-0.75,-0.1,"FOREST, WATER",twilightforest.biomes.TFBiomeStream
77,Snowy Forest,0.125,0.9,0.12,0.1,0.3,"FOREST, FROZEN",twilightforest.biomes.TFBiomeSnow
78,Glacier,0.0,0.1,0.12,0.1,0.3,FROZEN,twilightforest.biomes.TFBiomeGlacier
79,Twilight Clearing,0.8,0.4,0.12,0.01,0.0,PLAINS,twilightforest.biomes.TFBiomeClearing
80,Oak Savanna,0.9,0.0,0.12,0.1,0.3,FOREST,twilightforest.biomes.TFBiomeOakSavanna
81,Lighted Forest,0.5,1.0,0.12,0.1,0.3,FOREST,twilightforest.biomes.TFBiomeLightedForest
82,Lots of Mushrooms,0.8,1.0,0.12,0.15,0.4,"FOREST, MUSHROOM",twilightforest.biomes.TFBiomeDeepMushrooms
83,Dark Forest Center,0.7,0.8,0.12,0.05,0.05,,twilightforest.biomes.TFBiomeDarkForest
84,Highlands Center,0.5,0.3,0.12,2.5,0.4,FOREST,twilightforest.biomes.TFBiomeHighlands
85,Dark Forest,0.7,0.8,0.12,0.05,0.05,FOREST,twilightforest.biomes.TFBiomeDarkForest
86,Enchanted Forest,0.5,0.5,0.12,0.1,0.3,"FOREST, MAGICAL",twilightforest.biomes.TFBiomeEnchantedForest
87,Fire Swamp,1.0,0.4,0.12,-0.25,0.0,"FOREST, SWAMP, WASTELAND",twilightforest.biomes.TFBiomeFireSwamp
88,null,null,null,null
89,null,null,null,null
90,null,null,null,null
91,null,null,null,null
92,null,null,null,null
93,null,null,null,null
94,null,null,null,null
95,null,null,null,null
96,null,null,null,null
97,null,null,null,null
98,null,null,null,null
99,MooMooFarm,0.5,0.5,0.1,0.1,0.3,PLAINS,am2.worldgen.SCLBiome
100,WitchwoodForest,0.5,0.5,0.1,0.1,0.3,"FOREST, MAGICAL",am2.worldgen.BiomeWitchwoodForest
101,null,null,null,null
102,null,null,null,null
103,null,null,null,null
104,null,null,null,null
105,null,null,null,null
106,null,null,null,null
107,null,null,null,null
108,null,null,null,null
109,null,null,null,null
110,null,null,null,null
111,null,null,null,null
112,null,null,null,null
113,null,null,null,null
114,null,null,null,null
115,null,null,null,null
116,null,null,null,null
117,null,null,null,null
118,null,null,null,null
119,null,null,null,null
120,null,null,null,null
121,null,null,null,null
122,null,null,null,null
123,null,null,null,null
124,null,null,null,null
125,null,null,null,null
126,null,null,null,null
127,null,null,null,null
128,null,null,null,null
129,null,null,null,null
130,null,null,null,null
131,null,null,null,null
132,null,null,null,null
133,null,null,null,null
134,null,null,null,null
135,null,null,null,null
136,null,null,null,null
137,null,null,null,null
138,null,null,null,null
139,null,null,null,null
140,null,null,null,null
141,null,null,null,null
142,null,null,null,null
143,null,null,null,null
144,null,null,null,null
145,null,null,null,null
146,null,null,null,null
147,null,null,null,null
148,null,null,null,null
149,null,null,null,null
150,null,null,null,null
151,null,null,null,null
152,null,null,null,null
153,null,null,null,null
154,null,null,null,null
155,null,null,null,null
156,null,null,null,null
157,null,null,null,null
158,null,null,null,null
159,null,null,null,null
160,Ocean Oil Field,0.5,0.5,0.1,-1.0,0.4,WATER,buildcraft.energy.worldgen.BiomeGenOilOcean
161,Desert Oil Field,2.0,0.0,0.1,0.1,0.2,DESERT,buildcraft.energy.worldgen.BiomeGenOilDesert
162,Tainted Land,0.5,0.5,0.1,0.1,0.3,"WASTELAND, MAGICAL",thaumcraft.common.lib.world.biomes.BiomeGenTaint
163,Magical Forest,0.7,0.6,0.1,0.1,0.3,"FOREST, MAGICAL",thaumcraft.common.lib.world.biomes.BiomeGenMagicalForest
164,Eerie,0.5,0.5,0.1,0.1,0.3,"PLAINS, MAGICAL",thaumcraft.common.lib.world.biomes.BiomeGenEerie
165,null,null,null,null
166,null,null,null,null
167,null,null,null,null
168,null,null,null,null
169,null,null,null,null
170,BambooForest,0.7,0.8,0.1,0.1,0.3,FOREST,growthcraft.bamboo.BiomeGenBamboo
171,null,null,null,null
172,null,null,null,null
173,null,null,null,null
174,null,null,null,null
175,null,null,null,null
176,null,null,null,null
177,null,null,null,null
178,null,null,null,null
179,null,null,null,null
180,null,null,null,null
181,null,null,null,null
182,null,null,null,null
183,null,null,null,null
184,null,null,null,null
185,null,null,null,null
186,null,null,null,null
187,null,null,null,null
188,null,null,null,null
189,null,null,null,null
190,null,null,null,null
191,null,null,null,null
192,null,null,null,null
193,null,null,null,null
194,null,null,null,null
195,null,null,null,null
196,null,null,null,null
197,null,null,null,null
198,null,null,null,null
199,null,null,null,null
200,null,null,null,null
201,null,null,null,null
202,null,null,null,null
203,null,null,null,null
204,null,null,null,null
205,null,null,null,null
206,null,null,null,null
207,null,null,null,null
208,null,null,null,null
209,null,null,null,null
210,null,null,null,null
211,null,null,null,null
212,null,null,null,null
213,null,null,null,null
214,null,null,null,null
215,null,null,null,null
216,null,null,null,null
217,null,null,null,null
218,null,null,null,null
219,null,null,null,null
220,null,null,null,null
221,null,null,null,null
222,null,null,null,null
223,null,null,null,null
224,null,null,null,null
225,null,null,null,null
226,null,null,null,null
227,null,null,null,null
228,null,null,null,null
229,null,null,null,null
230,null,null,null,null
231,null,null,null,null
232,null,null,null,null
233,null,null,null,null
234,null,null,null,null
235,null,null,null,null
236,null,null,null,null
237,null,null,null,null
238,null,null,null,null
239,null,null,null,null
240,null,null,null,null
241,null,null,null,null
242,null,null,null,null
243,null,null,null,null
244,null,null,null,null
245,null,null,null,null
246,null,null,null,null
247,null,null,null,null
248,null,null,null,null
249,null,null,null,null
250,Pocket Dimension,0.5,0.5,0.1,0.1,0.3,PLAINS,StevenDimDoors.mod_pocketDim.world.BiomeGenPocket
251,Limbo,0.5,0.5,0.1,0.1,0.3,PLAINS,StevenDimDoors.mod_pocketDim.world.BiomeGenLimbo
252,null,null,null,null
253,null,null,null,null
254,null,null,null,null
255,null,null,null,null
