{
	"_comment": "This is the default Mop Properties file. When this mod generates a default file for any mob, it will be an auto-formatted copy of this file. Remember, comments outside of functions (such as this one) will not be copied.",
	"drops": [{
		"_comment": "External Functions, Progressively making mobs stronger as you go further out of spawn area.",
		"function": "all",
		"functions": [{
			"_comment": "Overworld Mobs are Level 1",
			"function": "if_in_dimension_0",
			"functions": [{
				"function": "external",
				"file": "level-1-drops"
			}]
		},
		{
			"_comment": "Nether Mobs are Level 2",
			"function": "if_in_dimension_-1",
			"functions": [{
				"function": "external",
				"file": "level-2-drops"
			}]
		},
		{
			"_comment": "Abyss Mobs are Level 3",
			"function": "if_in_dimension_9",
			"functions": [{
				"function": "external",
				"file": "level-3-drops"
			}]
		},
		{
			"_comment": "Haven Mobs are Level 4",
			"function": "if_in_dimension_10",
			"functions": [{
				"function": "external",
				"file": "level-4-drops"
			}]
		},
		{
			"_comment": "Precasia Mobs are Level 5",
			"function": "if_in_dimension_11",
			"functions": [{
				"function": "external",
				"file": "level-5-drops"
			}]
		},
		{
			"_comment": "Aethers Mobs are Level 5",
			"function": "if_in_dimension_3",
			"functions": [{
				"function": "external",
				"file": "level-5-drops"
			}]
		},
		{
			"_comment": "Mysterium Mobs are Level 6",
			"function": "if_in_dimension_12",
			"functions": [{
				"function": "external",
				"file": "level-6-drops"
			}]
		},
		{
			"_comment": "Twilight Forest Mobs are Level 6",
			"function": "if_in_dimension_7",
			"functions": [{
				"function": "external",
				"file": "level-6-drops"
			}]
		},
		{
			"_comment": "Bedrock Dimension Mobs, if they exist, are Level 6",
			"function": "if_in_dimension_-19",
			"functions": [{
				"function": "external",
				"file": "level-6-drops"
			}]
		},
		{
			"_comment": "Iromine Mobs are Level 7",
			"function": "if_in_dimension_13",
			"functions": [{
				"function": "external",
				"file": "level-7-drops"
			}]
		},
		{
			"_comment": "Deep Dark Mobs are Level 7",
			"function": "if_in_dimension_-100",
			"functions": [{
				"function": "external",
				"file": "level-7-drops"
			}]
		},
		{
			"_comment": "Lunalus Mobs are Level 7",
			"function": "if_in_dimension_14",
			"functions": [{
				"function": "external",
				"file": "level-7-drops"
			}]
		},
		{
			"_comment": "Thaumcraft Eldritch Mobs are Level 8",
			"function": "if_in_dimension_-42",
			"functions": [{
				"function": "external",
				"file": "level-8-drops"
			}]
		},
		{
			"_comment": "Deeplands Mobs are Level 8",
			"function": "if_in_dimension_15",
			"functions": [{
				"function": "external",
				"file": "level-8-drops"
			}]
		},
		{
			"_comment": "Gardencia Mobs are Level 9",
			"function": "if_in_dimension_16",
			"functions": [{
				"function": "external",
				"file": "level-9-drops"
			}]
		},
		{
			"_comment": "Greckon Mobs are Level 9",
			"function": "if_in_dimension_17",
			"functions": [{
				"function": "external",
				"file": "level-9-drops"
			}]
		},
		{
			"_comment": "Dustopia Mobs are Level 9",
			"function": "if_in_dimension_18",
			"functions": [{
				"function": "external",
				"file": "level-9-drops"
			}]
		},
		{
			"_comment": "L'borean Mobs are Level 10",
			"function": "if_in_dimension_19",
			"functions": [{
				"function": "external",
				"file": "level-10-drops"
			}]
		},
		{
			"_comment": "Voxponds Mobs are Level 10",
			"function": "if_in_dimension_20",
			"functions": [{
				"function": "external",
				"file": "level-10-drops"
			}]
		},
		{
			"_comment": "Runandor Mobs are Level 10",
			"function": "if_in_dimension_21",
			"functions": [{
				"function": "external",
				"file": "level-10-drops"
			}]
		},
		{
			"_comment": "Barathos Mobs are Level 11",
			"function": "if_in_dimension_22",
			"functions": [{
				"function": "external",
				"file": "level-11-drops"
			}]
		},
		{
			"_comment": "Celeve Mobs are Level 11",
			"function": "if_in_dimension_26",
			"functions": [{
				"function": "external",
				"file": "level-11-drops"
			}]
		},
		{
			"_comment": "Lelyetia Mobs are Level 11",
			"function": "if_in_dimension_24",
			"functions": [{
				"function": "external",
				"file": "level-11-drops"
			}]
		},
		{
			"_comment": "Crystevia Mobs are Level 12",
			"function": "if_in_dimension_21",
			"functions": [{
				"function": "external",
				"file": "level-1-drops"
			}]
		},
		{
			"_comment": "Candyland Mobs are Level 12",
			"function": "if_in_dimension_28",
			"functions": [{
				"function": "external",
				"file": "level-12-drops"
			}]
		},
		{
			"_comment": "Ancient Cavern Mobs are Level 13",
			"function": "if_in_dimension_25",
			"functions": [{
				"function": "external",
				"file": "level-13-drops"
			}]
		},
		{
			"_comment": "The End mobs are Level 14",
			"function": "if_in_dimension_1",
			"functions": [{
				"function": "external",
				"file": "level-14-drops"
			}]
		},
		{
			"_comment": "Aethers Dungeon Mobs are Level 14",
			"function": "if_in_dimension_4",
			"functions": [{
				"function": "external",
				"file": "level-14-drops"
			}]
		}]
	}],
	"pre_stats": [],
	"stats": [{
		"_comment": "External Functions, Progressively making mobs stronger as you go further out of spawn area.",
		"function": "all",
		"functions": [{
			"_comment": "Overworld Mobs are Level 1",
			"function": "if_in_dimension_0",
			"functions": [{
				"function": "external",
				"file": "level-1-mobs"
			}]
		},
		{
			"_comment": "Nether Mobs are Level 2",
			"function": "if_in_dimension_-1",
			"functions": [{
				"function": "external",
				"file": "level-2-mobs"
			}]
		},
		{
			"_comment": "Abyss Mobs are Level 3",
			"function": "if_in_dimension_9",
			"functions": [{
				"function": "external",
				"file": "level-3-mobs"
			}]
		},
		{
			"_comment": "Haven Mobs are Level 4",
			"function": "if_in_dimension_10",
			"functions": [{
				"function": "external",
				"file": "level-4-mobs"
			}]
		},
		{
			"_comment": "Precasia Mobs are Level 5",
			"function": "if_in_dimension_11",
			"functions": [{
				"function": "external",
				"file": "level-5-mobs"
			}]
		},
		{
			"_comment": "Aethers Mobs are Level 5",
			"function": "if_in_dimension_3",
			"functions": [{
				"function": "external",
				"file": "level-5-mobs"
			}]
		},
		{
			"_comment": "Mysterium Mobs are Level 6",
			"function": "if_in_dimension_12",
			"functions": [{
				"function": "external",
				"file": "level-6-mobs"
			}]
		},
		{
			"_comment": "Twilight Forest Mobs are Level 6",
			"function": "if_in_dimension_7",
			"functions": [{
				"function": "external",
				"file": "level-6-mobs"
			}]
		},
		{
			"_comment": "Bedrock Dimension Mobs, if they exist, are Level 6",
			"function": "if_in_dimension_-19",
			"functions": [{
				"function": "external",
				"file": "level-6-mobs"
			}]
		},
		{
			"_comment": "Iromine Mobs are Level 7",
			"function": "if_in_dimension_13",
			"functions": [{
				"function": "external",
				"file": "level-7-mobs"
			}]
		},
		{
			"_comment": "Deep Dark Mobs are Level 7",
			"function": "if_in_dimension_-100",
			"functions": [{
				"function": "external",
				"file": "level-7-mobs"
			}]
		},
		{
			"_comment": "Lunalus Mobs are Level 7",
			"function": "if_in_dimension_14",
			"functions": [{
				"function": "external",
				"file": "level-7-mobs"
			}]
		},
		{
			"_comment": "Thaumcraft Eldritch Mobs are Level 8",
			"function": "if_in_dimension_-42",
			"functions": [{
				"function": "external",
				"file": "level-8-mobs"
			}]
		},
		{
			"_comment": "Deeplands Mobs are Level 8",
			"function": "if_in_dimension_15",
			"functions": [{
				"function": "external",
				"file": "level-8-mobs"
			}]
		},
		{
			"_comment": "Gardencia Mobs are Level 9",
			"function": "if_in_dimension_16",
			"functions": [{
				"function": "external",
				"file": "level-9-mobs"
			}]
		},
		{
			"_comment": "Greckon Mobs are Level 9",
			"function": "if_in_dimension_17",
			"functions": [{
				"function": "external",
				"file": "level-9-mobs"
			}]
		},
		{
			"_comment": "Dustopia Mobs are Level 9",
			"function": "if_in_dimension_18",
			"functions": [{
				"function": "external",
				"file": "level-9-mobs"
			}]
		},
		{
			"_comment": "L'borean Mobs are Level 10",
			"function": "if_in_dimension_19",
			"functions": [{
				"function": "external",
				"file": "level-10-mobs"
			}]
		},
		{
			"_comment": "Voxponds Mobs are Level 10",
			"function": "if_in_dimension_20",
			"functions": [{
				"function": "external",
				"file": "level-10-mobs"
			}]
		},
		{
			"_comment": "Runandor Mobs are Level 10",
			"function": "if_in_dimension_21",
			"functions": [{
				"function": "external",
				"file": "level-10-mobs"
			}]
		},
		{
			"_comment": "Barathos Mobs are Level 11",
			"function": "if_in_dimension_22",
			"functions": [{
				"function": "external",
				"file": "level-11-mobs"
			}]
		},
		{
			"_comment": "Celeve Mobs are Level 11",
			"function": "if_in_dimension_26",
			"functions": [{
				"function": "external",
				"file": "level-11-mobs"
			}]
		},
		{
			"_comment": "Lelyetia Mobs are Level 11",
			"function": "if_in_dimension_24",
			"functions": [{
				"function": "external",
				"file": "level-11-mobs"
			}]
		},
		{
			"_comment": "Crystevia Mobs are Level 12",
			"function": "if_in_dimension_21",
			"functions": [{
				"function": "external",
				"file": "level-12-mobs"
			}]
		},
		{
			"_comment": "Candyland Mobs are Level 12",
			"function": "if_in_dimension_28",
			"functions": [{
				"function": "external",
				"file": "level-12-mobs"
			}]
		},
		{
			"_comment": "Ancient Cavern Mobs are Level 13",
			"function": "if_in_dimension_25",
			"functions": [{
				"function": "external",
				"file": "level-13-mobs"
			}]
		},
		{
			"_comment": "The End mobs are Level 14",
			"function": "if_in_dimension_1",
			"functions": [{
				"function": "external",
				"file": "level-14-mobs"
			}]
		},
		{
			"_comment": "Aethers Dungeon Mobs are Level 14",
			"function": "if_in_dimension_4",
			"functions": [{
				"function": "external",
				"file": "level-14-mobs"
			}]
		}]
	}]
}