{
  "_name": "nevermine.Goofer",
  "drops": [
    {
      "_comment": "External Functions, Progressively making mobs stronger as you go further out of spawn area.",
      "function": "external",
      "file": "dimensions-handler"
    },
    {
      "_comment": "External Functions, Progressively making mobs stronger as you go further out of spawn area.",
      "function": "external",
      "file": "global-common-drops"
    },
    {
      "_comment": "External Functions, Progressively making mobs stronger as you go further out of spawn area.",
      "function": "external",
      "file": "global-epic-drops"
    },
    {
      "_comment": "External Functions, Progressively making mobs stronger as you go further out of spawn area.",
      "function": "external",
      "file": "global-mythic-drops"
    },
    {
      "_comment": "External Functions, Progressively making mobs stronger as you go further out of spawn area.",
      "function": "external",
      "file": "global-rare-drops"
    },
    {
      "_comment": "External Functions, Progressively making mobs stronger as you go further out of spawn area.",
      "function": "external",
      "file": "global-uncommon-drops"
    }
  ],
  "pre_stats": [],
  "stats": [
    {
      "_comment": "External Functions, Progressively making mobs stronger as you go further out of spawn area.",
      "function": "external",
      "file": "dimensions-handler"
    }
  ]
}