{
	"_comment": "Begin Dimensional level upgrades.",
	"function": "all",
	"functions": [{
			"function": "if_beyond_500",
			"functions": [{
				"function": "external",
				"file": "mob-level-x-500x"
			}]
		},
		{
			"function": "if_beyond_1000",
			"functions": [{
				"function": "external",
				"file": "mob-level-x-1000x"
			}]
		},
		{
			"function": "if_beyond_1500",
			"functions": [{
				"function": "external",
				"file": "mob-level-x-1500x"
			}]
		},
		{
			"function": "if_beyond_2000",
			"functions": [{
				"function": "external",
				"file": "mob-level-x-2000x"
			}]
		},
		{
			"function": "if_beyond_2500",
			"functions": [{
				"function": "external",
				"file": "mob-level-x-2500x"
			}]
		},
		{
			"function": "if_beyond_3000",
			"functions": [{
				"function": "external",
				"file": "mob-level-1-3000x"
			}]
		},
		{
			"function": "if_beyond_3500",
			"functions": [{
				"function": "external",
				"file": "mob-level-x-3500x"
			}]
		},
		{
			"function": "if_beyond_4000",
			"functions": [{
				"function": "external",
				"file": "mob-level-1-4000x"
			}]
		},
		{
			"function": "if_beyond_4500",
			"functions": [{
				"function": "external",
				"file": "mob-level-x-4500x"
			}]
		},
		{
			"function": "if_beyond_5000",
			"functions": [{
				"function": "external",
				"file": "mob-level-x-5000x"
			}]
		}]
}