{
	"_comment": "give them a small chance to drop a gold ingot or an emerald for your trouble",
	"function": "if_recently_hit",
	"count": 0.10,
	"functions": [{
			"_comment": "Overworld Mobs are Level 1",
			"function": "if_in_dimension_0",
			"functions": [{
				"function": "add",
				"id": "GrimoireOfGaia:item.GrimoireOfGaia.Shard",
				"damage": 0,
				"count": 1
			}]
		},
		{
			"_comment": "Nether Mobs are Level 2",
			"function": "if_in_dimension_-1",
			"functions": [{
				"function": "add",
				"id": "GrimoireOfGaia:item.GrimoireOfGaia.Shard",
				"damage": 1,
				"count": 1
			},{
				"function": "xp",
				"operation": "mult",
				"value": 1.5
			}]
		},
		{
			"_comment": "Abyss Mobs are Level 3",
			"function": "if_in_dimension_9",
			"functions": [{
				"function": "add",
				"id": "GrimoireOfGaia:item.GrimoireOfGaia.Shard",
				"damage": 2,
				"count": 1
			},{
				"function": "xp",
				"operation": "mult",
				"value": 2.0
			}]
		},
		{
			"_comment": "Haven Mobs are Level 4",
			"function": "if_in_dimension_10",
			"functions": [{
				"function": "add",
				"id": "iron_ingot",
				"count": 1
			},{
				"function": "xp",
				"operation": "mult",
				"value": 2.5
			}]
		},
		{
			"_comment": "Precasia Mobs are Level 5",
			"function": "if_in_dimension_11",
			"functions": [{
				"function": "add",
				"id": "gold_ingot",
				"count": 1
			},{
				"function": "xp",
				"operation": "mult",
				"value": 3.0
			}]
		},
		{
			"_comment": "Aethers Mobs are Level 5",
			"function": "if_in_dimension_3",
			"functions": [{
				"function": "add",
				"id": "emerald",
				"count": 1
			},{
				"function": "xp",
				"operation": "mult",
				"value": 3.5
			}]
		},
		{
			"_comment": "Mysterium Mobs are Level 6",
			"function": "if_in_dimension_12",
			"functions": [{
				"function": "add",
				"id": "TabulaRasa:RasaItem3",
				"damage": 0,
				"count": 1
			},{
				"function": "xp",
				"operation": "mult",
				"value": 4.0
			}]
		},
		{
			"_comment": "Twilight Forest Mobs are Level 6",
			"function": "if_in_dimension_7",
			"functions": [{
				"function": "add",
				"id": "gold_ingot",
				"count": 1
			},{
				"function": "xp",
				"operation": "mult",
				"value": 4.0
			}]
		},
		{
			"_comment": "Bedrock Dimension Mobs, if they exist, are Level 6",
			"function": "if_in_dimension_-19",
			"functions": [{
				"function": "add",
				"id": "gold_ingot",
				"count": 1
			},{
				"function": "xp",
				"operation": "mult",
				"value": 4.0
			}]
		},
		{
			"_comment": "Iromine Mobs are Level 7",
			"function": "if_in_dimension_13",
			"functions": [{
				"function": "add",
				"id": "TabulaRasa:RasaItem3",
				"damage": 1,
				"count": 1
			},{
				"function": "xp",
				"operation": "mult",
				"value": 4.5
			}]
		},
		{
			"_comment": "Deep Dark Mobs are Level 7",
			"function": "if_in_dimension_-100",
			"functions": [{
				"function": "add",
				"id": "gold_ingot",
				"count": 1
			},{
				"function": "xp",
				"operation": "mult",
				"value": 4.5
			}]
		},
		{
			"_comment": "Lunalus Mobs are Level 7",
			"function": "if_in_dimension_14",
			"functions": [{
				"function": "add",
				"id": "TabulaRasa:RasaItem3",
				"damage": 2,
				"count": 1
			},{
				"function": "xp",
				"operation": "mult",
				"value": 4.5
			}]
		},
		{
			"_comment": "Deeplands Mobs are Level 8",
			"function": "if_in_dimension_15",
			"functions": [{
				"function": "add",
				"id": "TabulaRasa:RasaItem3",
				"damage": 3,
				"count": 1
			},{
				"function": "xp",
				"operation": "mult",
				"value": 5.0
			}]
		},
		{
			"_comment": "Thaumcraft Eldritch Mobs are Level 8",
			"function": "if_in_dimension_-42",
			"functions": [{
				"function": "add",
				"id": "TabulaRasa:RasaItem3",
				"damage": 4,
				"count": 1
			},{
				"function": "xp",
				"operation": "mult",
				"value": 5.5
			}]
		},
		{
			"_comment": "Gardencia Mobs are Level 9",
			"function": "if_in_dimension_16",
			"functions": [{
				"function": "add",
				"id": "TabulaRasa:RasaItem3",
				"damage": 5,
				"count": 1
			},{
				"function": "xp",
				"operation": "mult",
				"value": 6.0
			}]
		},
		{
			"_comment": "Greckon Mobs are Level 9",
			"function": "if_in_dimension_17",
			"functions": [{
				"function": "add",
				"id": "TabulaRasa:RasaItem3",
				"damage": 6,
				"count": 1
			}]
		},
		{
			"_comment": "Dustopia Mobs are Level 9",
			"function": "if_in_dimension_18",
			"functions": [{
				"function": "add",
				"id": "TabulaRasa:RasaItem3",
				"damage": 7,
				"count": 1
			},{
				"function": "xp",
				"operation": "mult",
				"value": 6.0
			}]
		},
		{
			"_comment": "L'borean Mobs are Level 10",
			"function": "if_in_dimension_19",
			"functions": [{
				"function": "add",
				"id": "TabulaRasa:RasaItem3",
				"damage": 8,
				"count": 1
			},{
				"function": "xp",
				"operation": "mult",
				"value": 6.5
			}]
		},
		{
			"_comment": "Runandor Mobs are Level 10",
			"function": "if_in_dimension_21",
			"functions": [{
				"function": "add",
				"id": "TabulaRasa:RasaItem3",
				"damage": 9,
				"count": 1
			},{
				"function": "xp",
				"operation": "mult",
				"value": 6.5
			}]
		},
		{
			"_comment": "Voxponds Mobs are Level 10",
			"function": "if_in_dimension_20",
			"functions": [{
				"function": "add",
				"id": "TabulaRasa:RasaItem3",
				"damage": 10,
				"count": 1
			},{
				"function": "xp",
				"operation": "mult",
				"value": 6.5
			}]
		},
		{
			"_comment": "Celeve Mobs are Level 11",
			"function": "if_in_dimension_26",
			"functions": [{
				"function": "add",
				"id": "TabulaRasa:RasaItem3",
				"damage": 11,
				"count": 1
			},{
				"function": "xp",
				"operation": "mult",
				"value": 7.0
			}]
		},
		{
			"_comment": "Barathos Mobs are Level 11",
			"function": "if_in_dimension_22",
			"functions": [{
				"function": "add",
				"id": "TabulaRasa:RasaItem3",
				"damage": 12,
				"count": 1
			},{
				"function": "xp",
				"operation": "mult",
				"value": 7.0
			}]
		},
		{
			"_comment": "Lelyetia Mobs are Level 11",
			"function": "if_in_dimension_24",
			"functions": [{
				"function": "add",
				"id": "TabulaRasa:RasaItem3",
				"damage": 13,
				"count": 1
			},{
				"function": "xp",
				"operation": "mult",
				"value": 7.0
			}]
		},
		{
			"_comment": "Crystevia Mobs are Level 12",
			"function": "if_in_dimension_21",
			"functions": [{
				"function": "add",
				"id": "TabulaRasa:RasaItem3",
				"damage": 14,
				"count": 1
			},{
				"function": "xp",
				"operation": "mult",
				"value": 7.5
			}]
		},
		{
			"_comment": "Candyland Mobs are Level 12",
			"function": "if_in_dimension_28",
			"functions": [{
				"function": "add",
				"id": "TabulaRasa:RasaItem3",
				"damage": 15,
				"count": 1
			},{
				"function": "xp",
				"operation": "mult",
				"value": 8.0
			}]
		},
		{
			"_comment": "Ancient Cavern Mobs are Level 13",
			"function": "if_in_dimension_25",
			"functions": [{
				"function": "choose", 
				"functions": [{
					"function": "add",
					"id": "TabulaRasa:RasaItem3",
					"damage": 16,
					"count": 1,
					"weight": 2
				}, {
					"function": "add",
					"id": "TabulaRasa:RasaItem3",
					"damage": 17,
					"count": 1,
					"weight": 1
				}]
			},{
				"function": "xp",
				"operation": "mult",
				"value": 9.0
			}]
		},
		{
			"_comment": "The End mobs are Level 14",
			"function": "if_in_dimension_1",
			"functions": [{
				"function": "add",
				"id": "TabulaRasa:RasaItem3",
				"damage": 18,
				"count": 1
			},{
				"function": "xp",
				"operation": "mult",
				"value": 10.0
			}]
		},
		{
			"_comment": "Aethers Dungeon Mobs are Level 20",
			"function": "if_in_dimension_4",
			"functions": [{
				"function": "add",
				"id": "TabulaRasa:RasaItem3",
				"damage": 18,
				"count": 1
			},{
				"function": "xp",
				"operation": "mult",
				"value": 15.0
			}]
		}]
}