{
	"_comment": "give them a small chance to drop a gold ingot or an emerald for your trouble",
	"function": "if_recently_hit",
	"count": 0.01,
	"functions": [{
		"function": "if_rare",
		"count": 0.25,
		"functions": [{
			"function": "choose",
			"count": 0.4,
			"functions": [{
				"function": "add",
				"id": "Thaumcraft:ItemWispEssence",
				"damage": "23",
				"count": 1,
				"weight": 1
			},
			{
				"function": "add",
				"id": "Thaumcraft:ItemWispEssence",
				"damage": "25",
				"count": 1,
				"weight": 1
			},
			{
				"function": "add",
				"id": "Thaumcraft:ItemWispEssence",
				"damage": "26",
				"count": 1,
				"weight": 1
			},
			{
				"function": "add",
				"id": "Thaumcraft:ItemWispEssence",
				"damage": "29",
				"count": 1,
				"weight": 1
			},
			{
				"function": "add",
				"id": "Thaumcraft:ItemWispEssence",
				"damage": "31",
				"count": 1,
				"weight": 1
			},
			{
				"function": "add",
				"id": "Thaumcraft:ItemWispEssence",
				"damage": "32",
				"count": 1,
				"weight": 1
			},
			{
				"function": "add",
				"id": "Thaumcraft:ItemWispEssence",
				"damage": "33",
				"count": 1,
				"weight": 1
			},
			{
				"function": "add",
				"id": "Thaumcraft:ItemWispEssence",
				"damage": "34",
				"count": 1,
				"weight": 1
			},
			{
				"function": "add",
				"id": "Thaumcraft:ItemWispEssence",
				"damage": "35",
				"count": 1,
				"weight": 1
			},
			{
				"function": "add",
				"id": "Thaumcraft:ItemWispEssence",
				"damage": "36",
				"count": 1,
				"weight": 1
			},
			{
				"function": "add",
				"id": "Thaumcraft:ItemWispEssence",
				"damage": "37",
				"count": 1,
				"weight": 1
			},
			{
				"function": "add",
				"id": "Thaumcraft:ItemWispEssence",
				"damage": "38",
				"count": 1,
				"weight": 1
			},
			{
				"function": "add",
				"id": "Thaumcraft:ItemWispEssence",
				"damage": "39",
				"count": 1,
				"weight": 1
			},
			{
				"function": "add",
				"id": "Thaumcraft:ItemWispEssence",
				"damage": "40",
				"count": 1,
				"weight": 1
			}]
		}]
	}]
}