{
	"_comment": "give them a small chance to drop a gold ingot or an emerald for your trouble",
	"function": "if_recently_hit",
	"count": 0.01,
	"functions": [{
		"function": "if_rare_super",
		"count": 0.15,
		"functions": [{
			"function": "choose",
			"count": 0.4,
			"functions": [{
				"function": "add",
				"id": "Thaumcraft:ItemWispEssence",
				"damage": "49",
				"count": 1,
				"weight": 1
			},
			{
				"function": "add",
				"id": "Thaumcraft:ItemWispEssence",
				"damage": "50",
				"count": 1,
				"weight": 1
			},
			{
				"function": "add",
				"id": "Thaumcraft:ItemWispEssence",
				"damage": "51",
				"count": 1,
				"weight": 1
			},
			{
				"function": "add",
				"id": "Thaumcraft:ItemWispEssence",
				"damage": "52",
				"count": 1,
				"weight": 1
			},
			{
				"function": "add",
				"id": "Thaumcraft:ItemWispEssence",
				"damage": "53",
				"count": 1,
				"weight": 1
			},
			{
				"function": "add",
				"id": "Thaumcraft:ItemWispEssence",
				"damage": "54",
				"count": 1,
				"weight": 1
			},
			{
				"function": "add",
				"id": "Thaumcraft:ItemWispEssence",
				"damage": "55",
				"count": 1,
				"weight": 1
			}]
		}]
	}]
}