{
	"_comment": "give them a small chance to drop a gold ingot or an emerald for your trouble",
	"function": "if_recently_hit",
	"count": 0.02,
	"functions": [{
		"function": "choose",
		"count": 1.0,
		"functions": [{
			"function": "add",
			"id": "Thaumcraft:ItemWispEssence",
			"damage": "0",
			"count": 1,
			"weight": 1
		},
		{
			"function": "add",
			"id": "Thaumcraft:ItemWispEssence",
			"damage": "1",
			"count": 1,
			"weight": 1
		},
		{
			"function": "add",
			"id": "Thaumcraft:ItemWispEssence",
			"damage": "2",
			"count": 1,
			"weight": 1
		},
		{
			"function": "add",
			"id": "Thaumcraft:ItemWispEssence",
			"damage": "3",
			"count": 1,
			"weight": 1
		},
		{
			"function": "add",
			"id": "Thaumcraft:ItemWispEssence",
			"damage": "4",
			"count": 1,
			"weight": 1
		},
		{
			"function": "add",
			"id": "Thaumcraft:ItemWispEssence",
			"damage": "5",
			"count": 1,
			"weight": 1
		}]
	}]
}