{
	"_comment": "Begin Dimensional level upgrades.",
	"function": "all",
	"functions": [{
		"function": "potion",
		"id": "potion.regeneration",
		"amplifier": 5,
		"duration": 1200
	},
	{
		"_comment": "Overworld Mobs are Level 1",
		"function": "if_in_dimension_0",
		"functions": [{
			"function": "modifier",
			"attribute": "generic.maxHealth",
			"value": "1.0",
			"operator": 2
		},
		{
			"function": "modifier",
			"attribute": "generic.attackDamage",
			"value": "0.0",
			"operator": 0
		}]
	},
	{
		"_comment": "Nether Mobs are Level 2",
		"function": "if_in_dimension_-1",
		"functions": [{
			"function": "modifier",
			"attribute": "generic.maxHealth",
			"value": "1.25",
			"operator": 2
		},
		{
			"function": "modifier",
			"attribute": "generic.attackDamage",
			"value": "0.5",
			"operator": 0
		}]
	},
	{
		"_comment": "Abyss Mobs are Level 3",
		"function": "if_in_dimension_9",
		"functions": [{
			"function": "modifier",
			"attribute": "generic.maxHealth",
			"value": "1.5",
			"operator": 2
		},
		{
			"function": "modifier",
			"attribute": "generic.attackDamage",
			"value": "0.5",
			"operator": 0
		}]
	},
	{
		"_comment": "Haven Mobs are Level 4",
		"function": "if_in_dimension_10",
		"functions": [{
			"function": "modifier",
			"attribute": "generic.maxHealth",
			"value": "1.75",
			"operator": 2
		},
		{
			"function": "modifier",
			"attribute": "generic.attackDamage",
			"value": "0.5",
			"operator": 0
		}]
	},
	{
		"_comment": "Precasia Mobs are Level 5",
		"function": "if_in_dimension_11",
		"functions": [{
			"function": "modifier",
			"attribute": "generic.maxHealth",
			"value": "2.0",
			"operator": 2
		},
		{
			"function": "modifier",
			"attribute": "generic.attackDamage",
			"value": "1.0",
			"operator": 0
		}]
	},
	{
		"_comment": "Aethers Mobs are Level 5",
		"function": "if_in_dimension_3",
		"functions": [{
			"function": "modifier",
			"attribute": "generic.maxHealth",
			"value": "2.0",
			"operator": 2
		},
		{
			"function": "modifier",
			"attribute": "generic.attackDamage",
			"value": "1.0",
			"operator": 0
		}]
	},
	{
		"_comment": "Mysterium Mobs are Level 6",
		"function": "if_in_dimension_12",
		"functions": [{
			"function": "modifier",
			"attribute": "generic.maxHealth",
			"value": "2.25",
			"operator": 2
		},
		{
			"function": "modifier",
			"attribute": "generic.attackDamage",
			"value": "1.0",
			"operator": 0
		}]
	},
	{
		"_comment": "Twilight Forest Mobs are Level 6",
		"function": "if_in_dimension_7",
		"functions": [{
			"function": "modifier",
			"attribute": "generic.maxHealth",
			"value": "2.50",
			"operator": 2
		},
		{
			"function": "modifier",
			"attribute": "generic.attackDamage",
			"value": "1.0",
			"operator": 0
		}]
	},
	{
		"_comment": "Bedrock Dimension Mobs, if they exist, are Level 6",
		"function": "if_in_dimension_-19",
		"functions": [{
			"function": "modifier",
			"attribute": "generic.maxHealth",
			"value": "2.75",
			"operator": 2
		},
		{
			"function": "modifier",
			"attribute": "generic.attackDamage",
			"value": "1.0",
			"operator": 0
		}]
	},
	{
		"_comment": "Iromine Mobs are Level 7",
		"function": "if_in_dimension_13",
		"functions": [{
			"function": "modifier",
			"attribute": "generic.maxHealth",
			"value": "3.0",
			"operator": 2
		},
		{
			"function": "modifier",
			"attribute": "generic.attackDamage",
			"value": "1.0",
			"operator": 0
		}]
	},
	{
		"_comment": "Deep Dark Mobs are Level 7",
		"function": "if_in_dimension_-100",
		"functions": [{
			"function": "modifier",
			"attribute": "generic.maxHealth",
			"value": "3.25",
			"operator": 2
		},
		{
			"function": "modifier",
			"attribute": "generic.attackDamage",
			"value": "1.5",
			"operator": 0
		}]
	},
	{
		"_comment": "Lunalus Mobs are Level 7",
		"function": "if_in_dimension_14",
		"functions": [{
			"function": "modifier",
			"attribute": "generic.maxHealth",
			"value": "3.5",
			"operator": 2
		},
		{
			"function": "modifier",
			"attribute": "generic.attackDamage",
			"value": "1.5",
			"operator": 0
		}]
	},
	{
		"_comment": "Thaumcraft Eldritch Mobs are Level 8",
		"function": "if_in_dimension_-42",
		"functions": [{
			"function": "modifier",
			"attribute": "generic.maxHealth",
			"value": "4.5",
			"operator": 2
		},
		{
			"function": "modifier",
			"attribute": "generic.attackDamage",
			"value": "1.5",
			"operator": 0
		}]
	},
	{
		"_comment": "Deeplands Mobs are Level 8",
		"function": "if_in_dimension_15",
		"functions": [{
			"function": "modifier",
			"attribute": "generic.maxHealth",
			"value": "3.75",
			"operator": 2
		},
		{
			"function": "modifier",
			"attribute": "generic.attackDamage",
			"value": "1.5",
			"operator": 0
		}]
	},
	{
		"_comment": "Gardencia Mobs are Level 9",
		"function": "if_in_dimension_16",
		"functions": [{
			"function": "modifier",
			"attribute": "generic.maxHealth",
			"value": "4.0",
			"operator": 2
		},
		{
			"function": "modifier",
			"attribute": "generic.attackDamage",
			"value": "2.0",
			"operator": 0
		}]
	},
	{
		"_comment": "Greckon Mobs are Level 9",
		"function": "if_in_dimension_17",
		"functions": [{
			"function": "modifier",
			"attribute": "generic.maxHealth",
			"value": "4.25",
			"operator": 2
		},
		{
			"function": "modifier",
			"attribute": "generic.attackDamage",
			"value": "2.0",
			"operator": 0
		}]
	},
	{
		"_comment": "Dustopia Mobs are Level 9",
		"function": "if_in_dimension_18",
		"functions": [{
			"function": "modifier",
			"attribute": "generic.maxHealth",
			"value": "4.5",
			"operator": 2
		},
		{
			"function": "modifier",
			"attribute": "generic.attackDamage",
			"value": "2.0",
			"operator": 0
		}]
	},
	{
		"_comment": "L'borean Mobs are Level 10",
		"function": "if_in_dimension_19",
		"functions": [{
			"function": "modifier",
			"attribute": "generic.maxHealth",
			"value": "4.75",
			"operator": 2
		},
		{
			"function": "modifier",
			"attribute": "generic.attackDamage",
			"value": "2.5",
			"operator": 0
		}]
	},
	{
		"_comment": "Voxponds Mobs are Level 10",
		"function": "if_in_dimension_20",
		"functions": [{
			"function": "modifier",
			"attribute": "generic.maxHealth",
			"value": "5.0",
			"operator": 2
		},
		{
			"function": "modifier",
			"attribute": "generic.attackDamage",
			"value": "2.5",
			"operator": 0
		}]
	},
	{
		"_comment": "Runandor Mobs are Level 10",
		"function": "if_in_dimension_21",
		"functions": [{
			"function": "modifier",
			"attribute": "generic.maxHealth",
			"value": "5.25",
			"operator": 2
		},
		{
			"function": "modifier",
			"attribute": "generic.attackDamage",
			"value": "2.5",
			"operator": 0
		}]
	},
	{
		"_comment": "Barathos Mobs are Level 11",
		"function": "if_in_dimension_22",
		"functions": [{
			"function": "modifier",
			"attribute": "generic.maxHealth",
			"value": "5.5",
			"operator": 2
		},
		{
			"function": "modifier",
			"attribute": "generic.attackDamage",
			"value": "3.0",
			"operator": 0
		}]
	},
	{
		"_comment": "Celeve Mobs are Level 11",
		"function": "if_in_dimension_26",
		"functions": [{
			"function": "modifier",
			"attribute": "generic.maxHealth",
			"value": "5.75",
			"operator": 2
		},
		{
			"function": "modifier",
			"attribute": "generic.attackDamage",
			"value": "3.0",
			"operator": 0
		}]
	},
	{
		"_comment": "Lelyetia Mobs are Level 11",
		"function": "if_in_dimension_24",
		"functions": [{
			"function": "modifier",
			"attribute": "generic.maxHealth",
			"value": "6.0",
			"operator": 2
		},
		{
			"function": "modifier",
			"attribute": "generic.attackDamage",
			"value": "3.0",
			"operator": 0
		}]
	},
	{
		"_comment": "Crystevia Mobs are Level 12",
		"function": "if_in_dimension_21",
		"functions": [{
			"function": "modifier",
			"attribute": "generic.maxHealth",
			"value": "6.25",
			"operator": 2
		},
		{
			"function": "modifier",
			"attribute": "generic.attackDamage",
			"value": "3.5",
			"operator": 0
		}]
	},
	{
		"_comment": "Candyland Mobs are Level 12",
		"function": "if_in_dimension_28",
		"functions": [{
			"function": "modifier",
			"attribute": "generic.maxHealth",
			"value": "6.5",
			"operator": 2
		},
		{
			"function": "modifier",
			"attribute": "generic.attackDamage",
			"value": "3.5",
			"operator": 0
		}]
	},
	{
		"_comment": "Ancient Cavern Mobs are Level 13",
		"function": "if_in_dimension_25",
		"functions": [{
			"function": "modifier",
			"attribute": "generic.maxHealth",
			"value": "6.75",
			"operator": 2
		},
		{
			"function": "modifier",
			"attribute": "generic.attackDamage",
			"value": "4.0",
			"operator": 0
		}]
	},
	{
		"_comment": "The End mobs are Level 15",
		"function": "if_in_dimension_1",
		"functions": [{
			"function": "modifier",
			"attribute": "generic.maxHealth",
			"value": "7.5",
			"operator": 2
		},
		{
			"function": "modifier",
			"attribute": "generic.attackDamage",
			"value": "5.0",
			"operator": 0
		}]
	},
	{
		"_comment": "Aethers Dungeon Mobs are Level 20",
		"function": "if_in_dimension_4",
		"functions": [{
			"function": "modifier",
			"attribute": "generic.maxHealth",
			"value": "9.5",
			"operator": 2
		},
		{
			"function": "modifier",
			"attribute": "generic.attackDamage",
			"value": "5.5",
			"operator": 0
		}]
	},
	{
		"_comment": "Runic Dungeon Mobs are Level 30",
		"function": "if_in_dimension_-34",
		"functions": [{
			"function": "modifier",
			"attribute": "generic.maxHealth",
			"value": "12.0",
			"operator": 2
		},
		{
			"function": "modifier",
			"attribute": "generic.attackDamage",
			"value": "10.0",
			"operator": 0
		}]
	}]
}