{
	"_comment": "Begin Dimensional level upgrades.",
	"function": "all",
	"functions": [{
		"_comment": "Overworld Mobs are Level 1",
		"function": "if_in_dimension_0",
		"functions": [{
			"function": "modifier",
			"attribute": "generic.maxHealth",
			"value": "1.0",
			"operator": 2
		},
		{
			"function": "modifier",
			"attribute": "generic.attackDamage",
			"value": "0.0",
			"operator": 0
		}]
	},
	{
		"_comment": "Nether Mobs are Level 2",
		"function": "if_in_dimension_-1",
		"functions": [{
			"function": "modifier",
			"attribute": "generic.maxHealth",
			"value": "1.25",
			"operator": 2
		},
		{
			"function": "modifier",
			"attribute": "generic.attackDamage",
			"value": "0.5",
			"operator": 0
		}]
	},
	{
		"_comment": "Abyss Mobs are Level 3",
		"function": "if_in_dimension_9",
		"functions": [{
			"function": "modifier",
			"attribute": "generic.maxHealth",
			"value": "2.0",
			"operator": 2
		},
		{
			"function": "modifier",
			"attribute": "generic.attackDamage",
			"value": "0.5",
			"operator": 0
		}]
	},
	{
		"_comment": "Haven Mobs are Level 4",
		"function": "if_in_dimension_10",
		"functions": [{
			"function": "modifier",
			"attribute": "generic.maxHealth",
			"value": "2.75",
			"operator": 2
		},
		{
			"function": "modifier",
			"attribute": "generic.attackDamage",
			"value": "0.5",
			"operator": 0
		}]
	},
	{
		"_comment": "Precasia Mobs are Level 5",
		"function": "if_in_dimension_11",
		"functions": [{
			"function": "modifier",
			"attribute": "generic.maxHealth",
			"value": "3.50",
			"operator": 2
		},
		{
			"function": "modifier",
			"attribute": "generic.attackDamage",
			"value": "1.0",
			"operator": 0
		}]
	},
	{
		"_comment": "Aethers Mobs are Level 5",
		"function": "if_in_dimension_3",
		"functions": [{
			"function": "modifier",
			"attribute": "generic.maxHealth",
			"value": "2.25",
			"operator": 2
		},
		{
			"function": "modifier",
			"attribute": "generic.attackDamage",
			"value": "1.0",
			"operator": 0
		}]
	},
	{
		"_comment": "Mysterium Mobs are Level 6",
		"function": "if_in_dimension_12",
		"functions": [{
			"function": "modifier",
			"attribute": "generic.maxHealth",
			"value": "4.50",
			"operator": 2
		},
		{
			"function": "modifier",
			"attribute": "generic.attackDamage",
			"value": "1.0",
			"operator": 0
		}]
	},
	{
		"_comment": "Twilight Forest Mobs are Level 6",
		"function": "if_in_dimension_7",
		"functions": [{
			"function": "modifier",
			"attribute": "generic.maxHealth",
			"value": "5.75",
			"operator": 2
		},
		{
			"function": "modifier",
			"attribute": "generic.attackDamage",
			"value": "1.0",
			"operator": 0
		}]
	},
	{
		"_comment": "Bedrock Dimension Mobs, if they exist, are Level 6",
		"function": "if_in_dimension_-19",
		"functions": [{
			"function": "modifier",
			"attribute": "generic.maxHealth",
			"value": "4.75",
			"operator": 2
		},
		{
			"function": "modifier",
			"attribute": "generic.attackDamage",
			"value": "1.0",
			"operator": 0
		}]
	},
	{
		"_comment": "Iromine Mobs are Level 7",
		"function": "if_in_dimension_13",
		"functions": [{
			"function": "modifier",
			"attribute": "generic.maxHealth",
			"value": "6.75",
			"operator": 2
		},
		{
			"function": "modifier",
			"attribute": "generic.attackDamage",
			"value": "1.0",
			"operator": 0
		}]
	},
	{
		"_comment": "Deep Dark Mobs are Level 7",
		"function": "if_in_dimension_-100",
		"functions": [{
			"function": "modifier",
			"attribute": "generic.maxHealth",
			"value": "6.0",
			"operator": 2
		},
		{
			"function": "modifier",
			"attribute": "generic.attackDamage",
			"value": "1.5",
			"operator": 0
		}]
	},
	{
		"_comment": "Lunalus Mobs are Level 7",
		"function": "if_in_dimension_14",
		"functions": [{
			"function": "modifier",
			"attribute": "generic.maxHealth",
			"value": "7.50",
			"operator": 2
		},
		{
			"function": "modifier",
			"attribute": "generic.attackDamage",
			"value": "1.5",
			"operator": 0
		}]
	},
	{
		"_comment": "Thaumcraft Eldritch Mobs are Level 8",
		"function": "if_in_dimension_-42",
		"functions": [{
			"function": "modifier",
			"attribute": "generic.maxHealth",
			"value": "8.5",
			"operator": 2
		},
		{
			"function": "modifier",
			"attribute": "generic.attackDamage",
			"value": "1.5",
			"operator": 0
		}]
	},
	{
		"_comment": "Deeplands Mobs are Level 8",
		"function": "if_in_dimension_15",
		"functions": [{
			"function": "modifier",
			"attribute": "generic.maxHealth",
			"value": "8.0",
			"operator": 2
		},
		{
			"function": "modifier",
			"attribute": "generic.attackDamage",
			"value": "1.5",
			"operator": 0
		}]
	},
	{
		"_comment": "Gardencia Mobs are Level 9",
		"function": "if_in_dimension_16",
		"functions": [{
			"function": "modifier",
			"attribute": "generic.maxHealth",
			"value": "9.0",
			"operator": 2
		},
		{
			"function": "modifier",
			"attribute": "generic.attackDamage",
			"value": "2.0",
			"operator": 0
		}]
	},
	{
		"_comment": "Greckon Mobs are Level 9",
		"function": "if_in_dimension_17",
		"functions": [{
			"function": "modifier",
			"attribute": "generic.maxHealth",
			"value": "9.75",
			"operator": 2
		},
		{
			"function": "modifier",
			"attribute": "generic.attackDamage",
			"value": "2.0",
			"operator": 0
		}]
	},
	{
		"_comment": "Dustopia Mobs are Level 9",
		"function": "if_in_dimension_18",
		"functions": [{
			"function": "modifier",
			"attribute": "generic.maxHealth",
			"value": "10.25",
			"operator": 2
		},
		{
			"function": "modifier",
			"attribute": "generic.attackDamage",
			"value": "2.0",
			"operator": 0
		}]
	},
	{
		"_comment": "L'borean Mobs are Level 10",
		"function": "if_in_dimension_19",
		"functions": [{
			"function": "modifier",
			"attribute": "generic.maxHealth",
			"value": "10.75",
			"operator": 2
		},
		{
			"function": "modifier",
			"attribute": "generic.attackDamage",
			"value": "2.5",
			"operator": 0
		}]
	},
	{
		"_comment": "Voxponds Mobs are Level 10",
		"function": "if_in_dimension_20",
		"functions": [{
			"function": "modifier",
			"attribute": "generic.maxHealth",
			"value": "11.50",
			"operator": 2
		},
		{
			"function": "modifier",
			"attribute": "generic.attackDamage",
			"value": "2.5",
			"operator": 0
		}]
	},
	{
		"_comment": "Runandor Mobs are Level 10",
		"function": "if_in_dimension_21",
		"functions": [{
			"function": "modifier",
			"attribute": "generic.maxHealth",
			"value": "12.0",
			"operator": 2
		},
		{
			"function": "modifier",
			"attribute": "generic.attackDamage",
			"value": "2.5",
			"operator": 0
		}]
	},
	{
		"_comment": "Barathos Mobs are Level 11",
		"function": "if_in_dimension_22",
		"functions": [{
			"function": "modifier",
			"attribute": "generic.maxHealth",
			"value": "12.75",
			"operator": 2
		},
		{
			"function": "modifier",
			"attribute": "generic.attackDamage",
			"value": "3.0",
			"operator": 0
		}]
	},
	{
		"_comment": "Celeve Mobs are Level 11",
		"function": "if_in_dimension_26",
		"functions": [{
			"function": "modifier",
			"attribute": "generic.maxHealth",
			"value": "13.75",
			"operator": 2
		},
		{
			"function": "modifier",
			"attribute": "generic.attackDamage",
			"value": "3.0",
			"operator": 0
		}]
	},
	{
		"_comment": "Lelyetia Mobs are Level 11",
		"function": "if_in_dimension_24",
		"functions": [{
			"function": "modifier",
			"attribute": "generic.maxHealth",
			"value": "14.50",
			"operator": 2
		},
		{
			"function": "modifier",
			"attribute": "generic.attackDamage",
			"value": "3.0",
			"operator": 0
		}]
	},
	{
		"_comment": "Crystevia Mobs are Level 12",
		"function": "if_in_dimension_21",
		"functions": [{
			"function": "modifier",
			"attribute": "generic.maxHealth",
			"value": "15.50",
			"operator": 2
		},
		{
			"function": "modifier",
			"attribute": "generic.attackDamage",
			"value": "3.5",
			"operator": 0
		}]
	},
	{
		"_comment": "Candyland Mobs are Level 12",
		"function": "if_in_dimension_28",
		"functions": [{
			"function": "modifier",
			"attribute": "generic.maxHealth",
			"value": "17.0",
			"operator": 2
		},
		{
			"function": "modifier",
			"attribute": "generic.attackDamage",
			"value": "3.5",
			"operator": 0
		}]
	},
	{
		"_comment": "Ancient Cavern Mobs are Level 13",
		"function": "if_in_dimension_25",
		"functions": [{
			"function": "modifier",
			"attribute": "generic.maxHealth",
			"value": "18.0",
			"operator": 2
		},
		{
			"function": "modifier",
			"attribute": "generic.attackDamage",
			"value": "4.0",
			"operator": 0
		}]
	},
	{
		"_comment": "The End mobs are Level 15",
		"function": "if_in_dimension_1",
		"functions": [{
			"function": "modifier",
			"attribute": "generic.maxHealth",
			"value": "20.0",
			"operator": 2
		},
		{
			"function": "modifier",
			"attribute": "generic.attackDamage",
			"value": "5.0",
			"operator": 0
		}]
	},
	{
		"_comment": "Aethers Dungeon Mobs are Level 20",
		"function": "if_in_dimension_4",
		"functions": [{
			"function": "modifier",
			"attribute": "generic.maxHealth",
			"value": "23.5",
			"operator": 2
		},
		{
			"function": "modifier",
			"attribute": "generic.attackDamage",
			"value": "5.5",
			"operator": 0
		}]
	},
	{
		"_comment": "Runic Dungeon Mobs are Level 30",
		"function": "if_in_dimension_-34",
		"functions": [{
			"function": "modifier",
			"attribute": "generic.maxHealth",
			"value": "35.0",
			"operator": 2
		},
		{
			"function": "modifier",
			"attribute": "generic.attackDamage",
			"value": "7.5",
			"operator": 0
		}]
	},
	{
		"function": "if_beyond_1500",
		"functions": [{
			"_comment": "Level 2.",
			"function": "!if_beyond_2000",
			"functions": [{
				"function": "modifier",
				"attribute": "generic.attackDamage",
				"value": "1.0~1.5",
				"operator": 0
			},
			{
				"function": "modifier",
				"attribute": "generic.maxHealth",
				"value": "1.2~1.6",
				"operator": 2
			}]
		}]
	},
	{
		"function": "if_beyond_2000",
		"functions": [{
			"_comment": "Level 3.",
			"function": "!if_beyond_2500",
			"functions": [{
				"function": "modifier",
				"attribute": "generic.attackDamage",
				"value": "1.0~1.5",
				"operator": 0
			},
			{
				"function": "modifier",
				"attribute": "generic.maxHealth",
				"value": "1.6~2.0",
				"operator": 2
			}]
		}]
	},
	{
		"function": "if_beyond_2500",
		"functions": [{
			"_comment": "Level 4.",
			"function": "!if_beyond_3000",
			"functions": [{
				"function": "modifier",
				"attribute": "generic.attackDamage",
				"value": "1.0~2.0",
				"operator": 0
			},
			{
				"function": "modifier",
				"attribute": "generic.maxHealth",
				"value": "2.0~2.4",
				"operator": 2
			}]
		}]
	},
	{
		"function": "if_beyond_3000",
		"functions": [{
			"_comment": "Level 5.",
			"function": "!if_beyond_3500",
			"functions": [{
				"function": "modifier",
				"attribute": "generic.attackDamage",
				"value": "1.0~2.0",
				"operator": 0
			},
			{
				"function": "modifier",
				"attribute": "generic.maxHealth",
				"value": "2.5~3.0",
				"operator": 2
			}]
		}]
	},
	{
		"function": "if_beyond_3500",
		"functions": [{
			"_comment": "Level 6.",
			"function": "!if_beyond_4000",
			"functions": [{
				"function": "modifier",
				"attribute": "generic.attackDamage",
				"value": "1.5~2.5",
				"operator": 0
			},
			{
				"function": "modifier",
				"attribute": "generic.maxHealth",
				"value": "3.0~3.5",
				"operator": 2
			}]
		}]
	},
	{
		"function": "if_beyond_4000",
		"functions": [{
			"_comment": "Level 7.",
			"function": "!if_beyond_4500",
			"functions": [{
				"function": "modifier",
				"attribute": "generic.attackDamage",
				"value": "1.5~3.0",
				"operator": 0
			},
			{
				"function": "modifier",
				"attribute": "generic.maxHealth",
				"value": "3.5~4.0",
				"operator": 2
			}]
		}]
	},
	{
		"function": "if_beyond_4500",
		"functions": [{
			"_comment": "Level 8.",
			"function": "!if_beyond_5000",
			"functions": [{
				"function": "modifier",
				"attribute": "generic.attackDamage",
				"value": "1.5~3.0",
				"operator": 0
			},
			{
				"function": "modifier",
				"attribute": "generic.maxHealth",
				"value": "4.0~4.5",
				"operator": 2
			}]
		}]
	},
	{
		"function": "if_beyond_5000",
		"functions": [{
			"_comment": "Level 9.",
			"function": "!if_beyond_5500",
			"functions": [{
				"function": "modifier",
				"attribute": "generic.attackDamage",
				"value": "1.5~3.5",
				"operator": 0
			},
			{
				"function": "modifier",
				"attribute": "generic.maxHealth",
				"value": "4.5~5.0",
				"operator": 2
			}]
		}]
	},
	{
		"function": "if_beyond_5500",
		"functions": [{
			"_comment": "Level 10.",
			"function": "!if_beyond_6000",
			"functions": [{
				"function": "modifier",
				"attribute": "generic.attackDamage",
				"value": "2.0~3.5",
				"operator": 0
			},
			{
				"function": "modifier",
				"attribute": "generic.maxHealth",
				"value": "5.0~5.5",
				"operator": 2
			}]
		}]
	},
	{
		"function": "if_beyond_6000",
		"functions": [{
			"_comment": "Level 11.",
			"function": "!if_beyond_8500",
			"functions": [{
				"function": "modifier",
				"attribute": "generic.attackDamage",
				"value": "2.5~5.0",
				"operator": 0
			},
			{
				"function": "modifier",
				"attribute": "generic.maxHealth",
				"value": "6.0~7.0",
				"operator": 2
			}]
		}]
	},
	{
		"function": "if_beyond_8500",
		"functions": [{
			"_comment": "Level 12.",
			"function": "!if_beyond_11000",
			"functions": [{
				"function": "modifier",
				"attribute": "generic.attackDamage",
				"value": "3.5~7.0",
				"operator": 0
			},
			{
				"function": "modifier",
				"attribute": "generic.maxHealth",
				"value": "8.0~10.0",
				"operator": 2
			}]
		}]
	},
	{
		"function": "if_beyond_11000",
		"functions": [{
			"_comment": "Level 13.",
			"function": "all",
			"functions": [{
				"function": "modifier",
				"attribute": "generic.attackDamage",
				"value": "4.5~9.0",
				"operator": 0
			},
			{
				"function": "modifier",
				"attribute": "generic.maxHealth",
				"value": "11.0~14.0",
				"operator": 2
			}]
		}]
	},
	{
		"function": "if_beyond_13500",
		"functions": [{
			"_comment": "Level 14.",
			"function": "all",
			"functions": [{
				"function": "modifier",
				"attribute": "generic.attackDamage",
				"value": "5.5~12.0",
				"operator": 0
			},
			{
				"function": "modifier",
				"attribute": "generic.maxHealth",
				"value": "15.0~19.0",
				"operator": 2
			}]
		}]
	},
	{
		"function": "if_beyond_16000",
		"functions": [{
			"_comment": "Level 15.",
			"function": "all",
			"functions": [{
				"function": "modifier",
				"attribute": "generic.attackDamage",
				"value": "7.5~16.0",
				"operator": 0
			},
			{
				"function": "modifier",
				"attribute": "generic.maxHealth",
				"value": "21.0~26.0",
				"operator": 2
			}]
		}]
	},
	{
		"function": "if_beyond_25000",
		"functions": [{
			"_comment": "Level 16.",
			"function": "all",
			"functions": [{
				"function": "modifier",
				"attribute": "generic.attackDamage",
				"value": "10.5~21.0",
				"operator": 0
			},
			{
				"function": "modifier",
				"attribute": "generic.maxHealth",
				"value": "27.0~34.0",
				"operator": 2
			}]
		}]
	},
	{
		"function": "if_beyond_30000",
		"functions": [{
			"_comment": "Level 17.",
			"function": "all",
			"functions": [{
				"function": "modifier",
				"attribute": "generic.attackDamage",
				"value": "20.0~200.0",
				"operator": 0
			},
			{
				"function": "modifier",
				"attribute": "generic.maxHealth",
				"value": "10.0~20.0",
				"operator": 2
			}]
		}]
	}]
}