{
	"_comment": "Begin Dimensional level upgrades.",
	"function": "all",
	"functions": [{
		"function": "modifier",
		"attribute": "generic.maxHealth",
		"value": "5.0",
		"operator": 2
	},
	{
		"function": "modifier",
		"attribute": "generic.attackDamage",
		"value": "2.0",
		"operator": 0
	},
	{
		"function": "if_beyond_500",
		"functions": [{
			"_comment": "Level 2.",
			"function": "!if_beyond_1000",
			"functions": [{
				"function": "modifier",
				"attribute": "generic.attackDamage",
				"value": "1.5~2.0",
				"operator": 0
			},
			{
				"function": "modifier",
				"attribute": "generic.maxHealth",
				"value": "1.2~1.6",
				"operator": 2
			}]
		}]
	},
	{
		"function": "if_beyond_1000",
		"functions": [{
			"_comment": "Level 3.",
			"function": "!if_beyond_1500",
			"functions": [{
				"function": "modifier",
				"attribute": "generic.attackDamage",
				"value": "1.5~2.0",
				"operator": 0
			},
			{
				"function": "modifier",
				"attribute": "generic.maxHealth",
				"value": "1.6~2.0",
				"operator": 2
			}]
		}]
	},
	{
		"function": "if_beyond_1500",
		"functions": [{
			"_comment": "Level 4.",
			"function": "!if_beyond_2000",
			"functions": [{
				"function": "modifier",
				"attribute": "generic.attackDamage",
				"value": "1.5~2.0",
				"operator": 0
			},
			{
				"function": "modifier",
				"attribute": "generic.maxHealth",
				"value": "2.0~2.4",
				"operator": 2
			}]
		}]
	},
	{
		"function": "if_beyond_2000",
		"functions": [{
			"_comment": "Level 5.",
			"function": "!if_beyond_2500",
			"functions": [{
				"function": "modifier",
				"attribute": "generic.attackDamage",
				"value": "2.0~2.5",
				"operator": 0
			},
			{
				"function": "modifier",
				"attribute": "generic.maxHealth",
				"value": "2.5~3.0",
				"operator": 2
			}]
		}]
	},
	{
		"function": "if_beyond_2500",
		"functions": [{
			"_comment": "Level 6.",
			"function": "!if_beyond_3000",
			"functions": [{
				"function": "modifier",
				"attribute": "generic.attackDamage",
				"value": "2.0~2.5",
				"operator": 0
			},
			{
				"function": "modifier",
				"attribute": "generic.maxHealth",
				"value": "3.0~3.5",
				"operator": 2
			}]
		}]
	},
	{
		"function": "if_beyond_3000",
		"functions": [{
			"_comment": "Level 7.",
			"function": "!if_beyond_3500",
			"functions": [{
				"function": "modifier",
				"attribute": "generic.attackDamage",
				"value": "2.5~3.0",
				"operator": 0
			},
			{
				"function": "modifier",
				"attribute": "generic.maxHealth",
				"value": "3.5~4.0",
				"operator": 2
			}]
		}]
	},
	{
		"function": "if_beyond_3500",
		"functions": [{
			"_comment": "Level 8.",
			"function": "!if_beyond_4000",
			"functions": [{
				"function": "modifier",
				"attribute": "generic.attackDamage",
				"value": "2.5~3.0",
				"operator": 0
			},
			{
				"function": "modifier",
				"attribute": "generic.maxHealth",
				"value": "4.0~4.5",
				"operator": 2
			}]
		}]
	},
	{
		"function": "if_beyond_4000",
		"functions": [{
			"_comment": "Level 9.",
			"function": "!if_beyond_4500",
			"functions": [{
				"function": "modifier",
				"attribute": "generic.attackDamage",
				"value": "3.0~3.5",
				"operator": 0
			},
			{
				"function": "modifier",
				"attribute": "generic.maxHealth",
				"value": "4.5~5.0",
				"operator": 2
			}]
		}]
	},
	{
		"function": "if_beyond_4500",
		"functions": [{
			"_comment": "Level 10.",
			"function": "!if_beyond_5000",
			"functions": [{
				"function": "modifier",
				"attribute": "generic.attackDamage",
				"value": "3.0~3.5",
				"operator": 0
			},
			{
				"function": "modifier",
				"attribute": "generic.maxHealth",
				"value": "5.0~5.5",
				"operator": 2
			}]
		}]
	},
	{
		"function": "if_beyond_5000",
		"functions": [{
			"_comment": "Level 11.",
			"function": "!if_beyond_7500",
			"functions": [{
				"function": "modifier",
				"attribute": "generic.attackDamage",
				"value": "4.0~5.0",
				"operator": 0
			},
			{
				"function": "modifier",
				"attribute": "generic.maxHealth",
				"value": "6.0~7.0",
				"operator": 2
			}]
		}]
	},
	{
		"function": "if_beyond_7500",
		"functions": [{
			"_comment": "Level 12.",
			"function": "!if_beyond_10000",
			"functions": [{
				"function": "modifier",
				"attribute": "generic.attackDamage",
				"value": "5.5~7.0",
				"operator": 0
			},
			{
				"function": "modifier",
				"attribute": "generic.maxHealth",
				"value": "8.0~10.0",
				"operator": 2
			}]
		}]
	},
	{
		"function": "if_beyond_10000",
		"functions": [{
			"_comment": "Level 13.",
			"function": "all",
			"functions": [{
				"function": "modifier",
				"attribute": "generic.attackDamage",
				"value": "7.5~9.0",
				"operator": 0
			},
			{
				"function": "modifier",
				"attribute": "generic.maxHealth",
				"value": "11.0~14.0",
				"operator": 2
			}]
		}]
	},
	{
		"function": "if_beyond_12500",
		"functions": [{
			"_comment": "Level 14.",
			"function": "all",
			"functions": [{
				"function": "modifier",
				"attribute": "generic.attackDamage",
				"value": "9.5~12.0",
				"operator": 0
			},
			{
				"function": "modifier",
				"attribute": "generic.maxHealth",
				"value": "15.0~19.0",
				"operator": 2
			}]
		}]
	},
	{
		"function": "if_beyond_15000",
		"functions": [{
			"_comment": "Level 15.",
			"function": "all",
			"functions": [{
				"function": "modifier",
				"attribute": "generic.attackDamage",
				"value": "12.5~16.0",
				"operator": 0
			},
			{
				"function": "modifier",
				"attribute": "generic.maxHealth",
				"value": "21.0~26.0",
				"operator": 2
			}]
		}]
	},
	{
		"function": "if_beyond_25000",
		"functions": [{
			"_comment": "Level 16.",
			"function": "all",
			"functions": [{
				"function": "modifier",
				"attribute": "generic.attackDamage",
				"value": "16.5~21.0",
				"operator": 0
			},
			{
				"function": "modifier",
				"attribute": "generic.maxHealth",
				"value": "27.0~34.0",
				"operator": 2
			}]
		}]
	},
	{
		"function": "if_beyond_30000",
		"functions": [{
			"_comment": "Level 17.",
			"function": "all",
			"functions": [{
				"function": "modifier",
				"attribute": "generic.attackDamage",
				"value": "50.0~200.0",
				"operator": 0
			},
			{
				"function": "modifier",
				"attribute": "generic.maxHealth",
				"value": "10.0~20.0",
				"operator": 2
			}]
		}]
	}]
}