{
	"_comment": "This is the default Mop Properties file. When this mod generates a default file for any mob, it will be an auto-formatted copy of this file. Remember, comments outside of functions (such as this one) will not be copied.",
	"drops": [{
		"_comment": "External Functions, Progressively making mobs stronger as you go further out of spawn area.",
		"function": "external",
		"file": "dimensions-handler"
	},{
		"_comment": "External Functions, Progressively making mobs stronger as you go further out of spawn area.",
		"function": "external",
		"file": "global-common-drops"
	},{
		"_comment": "External Functions, Progressively making mobs stronger as you go further out of spawn area.",
		"function": "external",
		"file": "global-epic-drops"
	},{
		"_comment": "External Functions, Progressively making mobs stronger as you go further out of spawn area.",
		"function": "external",
		"file": "global-mythic-drops"
	},{
		"_comment": "External Functions, Progressively making mobs stronger as you go further out of spawn area.",
		"function": "external",
		"file": "global-rare-drops"
	},{
		"_comment": "External Functions, Progressively making mobs stronger as you go further out of spawn area.",
		"function": "external",
		"file": "global-uncommon-drops"
	}],
	"pre_stats": [],
	"stats": [{
		"_comment": "External Functions, Progressively making mobs stronger as you go further out of spawn area.",
		"function": "external",
		"file": "dimensions-handler"
	}]
}