{
	"_comment": "Begin Dimensional level upgrades.",
	"function": "all",
	"functions": [{
		"_comment": "Nether Mobs are Level 2",
		"function": "if_in_dimension_-1",
		"functions": [{
			"_comment": "Begin Dimensional level upgrades.",
			"function": "all",
			"functions": [{
				"function": "if_beyond_100",
				"functions": [{
					"_comment": "Test.",
					"function": "!if_beyond_1000",
					"functions": [{
						"function": "modifier",
						"attribute": "generic.attackDamage",
						"value": "2.0~4.0"
					},
					{
						"function": "modifier",
						"attribute": "generic.maxHealth",
						"value": "1.0~2.0",
						"operator": 1
					},
					{
						"function": "modifier",
						"attribute": "generic.movementSpeed",
						"value": "0.4~0.6",
						"operator": 1
					}]
				}]
			}]
		}]
	}]
}