{
	"_comment": "give them a small chance to drop a gold ingot or an emerald for your trouble",
	"function": "if_recently_hit",
	"count": 0.02,
	"functions": [{
		"function": "choose",
		"count": 0.4,
		"functions": [{
			"function": "add",
			"id": "Thaumcraft:ItemWispEssence",
			"damage": "6",
			"count": 1,
			"weight": 1
		},
		{
			"function": "add",
			"id": "Thaumcraft:ItemWispEssence",
			"damage": "7",
			"count": 1,
			"weight": 1
		},
		{
			"function": "add",
			"id": "Thaumcraft:ItemWispEssence",
			"damage": "8",
			"count": 1,
			"weight": 1
		},
		{
			"function": "add",
			"id": "Thaumcraft:ItemWispEssence",
			"damage": "9",
			"count": 1,
			"weight": 1
		},
		{
			"function": "add",
			"id": "Thaumcraft:ItemWispEssence",
			"damage": "10",
			"count": 1,
			"weight": 1
		},
		{
			"function": "add",
			"id": "Thaumcraft:ItemWispEssence",
			"damage": "11",
			"count": 1,
			"weight": 1
		},
		{
			"function": "add",
			"id": "Thaumcraft:ItemWispEssence",
			"damage": "12",
			"count": 1,
			"weight": 1
		},
		{
			"function": "add",
			"id": "Thaumcraft:ItemWispEssence",
			"damage": "13",
			"count": 1,
			"weight": 1
		},
		{
			"function": "add",
			"id": "Thaumcraft:ItemWispEssence",
			"damage": "14",
			"count": 1,
			"weight": 1
		},
		{
			"function": "add",
			"id": "Thaumcraft:ItemWispEssence",
			"damage": "15",
			"count": 1,
			"weight": 1
		}]
	}]
}