{
	"_comment": "give them a small chance to drop a gold ingot or an emerald for your trouble",
	"function": "if_recently_hit",
	"count": 0.01,
	"functions": [{
		"function": "if_rare",
		"count": 0.5,
		"functions": [{
			"function": "choose",
			"count": 0.4,
			"functions": [{
				"function": "add",
				"id": "Thaumcraft:ItemWispEssence",
				"damage": "16",
				"count": 1,
				"weight": 1
			},
			{
				"function": "add",
				"id": "Thaumcraft:ItemWispEssence",
				"damage": "17",
				"count": 1,
				"weight": 1
			},
			{
				"function": "add",
				"id": "Thaumcraft:ItemWispEssence",
				"damage": "18",
				"count": 1,
				"weight": 1
			},
			{
				"function": "add",
				"id": "Thaumcraft:ItemWispEssence",
				"damage": "19",
				"count": 1,
				"weight": 1
			},
			{
				"function": "add",
				"id": "Thaumcraft:ItemWispEssence",
				"damage": "20",
				"count": 1,
				"weight": 1
			},
			{
				"function": "add",
				"id": "Thaumcraft:ItemWispEssence",
				"damage": "21",
				"count": 1,
				"weight": 1
			},
			{
				"function": "add",
				"id": "Thaumcraft:ItemWispEssence",
				"damage": "22",
				"count": 1,
				"weight": 1
			},
			{
				"function": "add",
				"id": "Thaumcraft:ItemWispEssence",
				"damage": "24",
				"count": 1,
				"weight": 1
			},
			{
				"function": "add",
				"id": "Thaumcraft:ItemWispEssence",
				"damage": "27",
				"count": 1,
				"weight": 1
			},
			{
				"function": "add",
				"id": "Thaumcraft:ItemWispEssence",
				"damage": "28",
				"count": 1,
				"weight": 1
			},
			{
				"function": "add",
				"id": "Thaumcraft:ItemWispEssence",
				"damage": "30",
				"count": 1,
				"weight": 1
			}]
		}]
	}]
}