{
	"_comment": "give them a small chance to drop a gold ingot or an emerald for your trouble",
	"function": "if_recently_hit",
	"count": 0.01,
	"functions": [{
		"function": "if_rare_super",
		"count": 0.75,
		"functions": [{
			"function": "choose",
			"count": 0.4,
			"functions": [{
				"function": "add",
				"id": "Thaumcraft:ItemWispEssence",
				"damage": "41",
				"count": 1,
				"weight": 1
			},
			{
				"function": "add",
				"id": "Thaumcraft:ItemWispEssence",
				"damage": "42",
				"count": 1,
				"weight": 1
			},
			{
				"function": "add",
				"id": "Thaumcraft:ItemWispEssence",
				"damage": "43",
				"count": 1,
				"weight": 1
			},
			{
				"function": "add",
				"id": "Thaumcraft:ItemWispEssence",
				"damage": "44",
				"count": 1,
				"weight": 1
			},
			{
				"function": "add",
				"id": "Thaumcraft:ItemWispEssence",
				"damage": "45",
				"count": 1,
				"weight": 1
			},
			{
				"function": "add",
				"id": "Thaumcraft:ItemWispEssence",
				"damage": "46",
				"count": 1,
				"weight": 1
			},
			{
				"function": "add",
				"id": "Thaumcraft:ItemWispEssence",
				"damage": "47",
				"count": 1,
				"weight": 1
			},
			{
				"function": "add",
				"id": "Thaumcraft:ItemWispEssence",
				"damage": "48",
				"count": 1,
				"weight": 1
			}]
		}]
	}]
}