{"stat.useItem.351":283,"stat.useItem.20":26,"stat.walkOneCm":390812,"stat.leaveGame":9,"stat.useItem.77":6,"stat.jump":364,"stat.swimOneCm":44270,"stat.useItem.126":22,"stat.fallOneCm":2580,"stat.climbOneCm":1551,"achievement.exploreAllBiomes":{"value":0,"progress":["ForestHills","Magical Forest","Eerie","Tainted Land","River","Forest","Plains","Taiga","Extreme Hills","MushroomIsland","TaigaHills"]},"stat.useItem.42":5,"stat.useItem.137":10,"stat.useItem.85":2,"achievement.openInventory":239,"stat.damageTaken":334,"achievement.botania:flowerPickup":8,"stat.mobKills":9,"stat.useItem.48":31,"stat.useItem.53":4,"stat.useItem.98":886,"stat.killEntity.CaveSpider":1,"stat.flyOneCm":3267141,"stat.useItem.6":19,"stat.deaths":7,"stat.useItem.7":10,"stat.drop":20,"stat.useItem.101":13,"stat.useItem.50":14,"stat.playOneMinute":820246,"stat.useItem.4":1157,"stat.useItem.109":28,"stat.useItem.5":1,"stat.useItem.3":12090,"stat.damageDealt":975,"achievement.botania:flugelEye":1,"stat.useItem.17":35,"stat.useItem.13":14,"stat.diveOneCm":21856,"stat.mineBlock.31":13}