ID,Unlocalised name,Type,Min Level,Max Level,Class
0,enchantment.protect.all,armor,1,4,net.minecraft.enchantment.EnchantmentProtection
1,enchantment.protect.fire,armor,1,4,net.minecraft.enchantment.EnchantmentProtection
2,enchantment.protect.fall,armor_feet,1,4,net.minecraft.enchantment.EnchantmentProtection
3,enchantment.protect.explosion,armor,1,4,net.minecraft.enchantment.EnchantmentProtection
4,enchantment.protect.projectile,armor,1,4,net.minecraft.enchantment.EnchantmentProtection
5,enchantment.oxygen,armor_head,1,3,net.minecraft.enchantment.EnchantmentOxygen
6,enchantment.waterWorker,armor_head,1,1,net.minecraft.enchantment.EnchantmentWaterWorker
7,enchantment.thorns,armor_torso,1,3,net.minecraft.enchantment.EnchantmentThorns
8,enchantment.Water Coated,weapon,1,10,minechem.potion.PotionEnchantmentCoated
9,enchantment.Potassium Cyanide Coated,weapon,1,10,minechem.potion.PotionEnchantmentCoated
10,enchantment.Methamphetamine Coated,weapon,1,10,minechem.potion.PotionEnchantmentCoated
11,enchantment.Psilocybin Coated,weapon,1,10,minechem.potion.PotionEnchantmentCoated
12,enchantment.Alanine Coated,weapon,1,10,minechem.potion.PotionEnchantmentCoated
13,enchantment.Glycine Coated,weapon,1,10,minechem.potion.PotionEnchantmentCoated
14,enchantment.Serine Coated,weapon,1,10,minechem.potion.PotionEnchantmentCoated
15,enchantment.Mescaline Coated,weapon,1,10,minechem.potion.PotionEnchantmentCoated
16,enchantment.damage.all,weapon,1,5,net.minecraft.enchantment.EnchantmentDamage
17,enchantment.damage.undead,weapon,1,5,net.minecraft.enchantment.EnchantmentDamage
18,enchantment.damage.arthropods,weapon,1,5,net.minecraft.enchantment.EnchantmentDamage
19,enchantment.knockback,weapon,1,2,net.minecraft.enchantment.EnchantmentKnockback
20,enchantment.fire,weapon,1,2,net.minecraft.enchantment.EnchantmentFireAspect
21,enchantment.lootBonus,weapon,1,3,net.minecraft.enchantment.EnchantmentLootBonus
22,enchantment.Ethyl Alcohol Coated,weapon,1,10,minechem.potion.PotionEnchantmentCoated
23,enchantment.Amphetamine Coated,weapon,1,10,minechem.potion.PotionEnchantmentCoated
24,enchantment.Theobromine Coated,weapon,1,10,minechem.potion.PotionEnchantmentCoated
25,enchantment.Starch Coated,weapon,1,10,minechem.potion.PotionEnchantmentCoated
26,enchantment.Sucrose Coated,weapon,1,10,minechem.potion.PotionEnchantmentCoated
27,enchantment.Penicillin Coated,weapon,1,10,minechem.potion.PotionEnchantmentCoated
28,enchantment.Testosterone Coated,weapon,1,10,minechem.potion.PotionEnchantmentCoated
29,enchantment.Fingolimod Coated,weapon,1,10,minechem.potion.PotionEnchantmentCoated
30,enchantment.decapitation,weapon,1,3,kihira.playerbeacons.common.EnchantmentDecapitation
31,enchantment.Arginine Coated,weapon,1,10,minechem.potion.PotionEnchantmentCoated
32,enchantment.digging,digger,1,5,net.minecraft.enchantment.EnchantmentDigging
33,enchantment.untouching,digger,1,1,net.minecraft.enchantment.EnchantmentUntouching
34,enchantment.durability,digger,1,3,net.minecraft.enchantment.EnchantmentDurability
35,enchantment.lootBonusDigger,digger,1,3,net.minecraft.enchantment.EnchantmentLootBonus
36,enchantment.Shikimic Acid Coated,weapon,1,10,minechem.potion.PotionEnchantmentCoated
37,enchantment.Aspirin Coated,weapon,1,10,minechem.potion.PotionEnchantmentCoated
38,enchantment.T-2 Mycotoxin Coated,weapon,1,10,minechem.potion.PotionEnchantmentCoated
39,enchantment.Nodularin Coated,weapon,1,10,minechem.potion.PotionEnchantmentCoated
40,enchantment.Tetrodotoxin Coated,weapon,1,10,minechem.potion.PotionEnchantmentCoated
41,enchantment.THC Coated,weapon,1,10,minechem.potion.PotionEnchantmentCoated
42,enchantment.Phosgene Coated,weapon,1,10,minechem.potion.PotionEnchantmentCoated
43,enchantment.Diphenhydramine Coated,weapon,1,10,minechem.potion.PotionEnchantmentCoated
44,enchantment.Batrachotoxin Coated,weapon,1,10,minechem.potion.PotionEnchantmentCoated
45,enchantment.Retinol Coated,weapon,1,10,minechem.potion.PotionEnchantmentCoated
46,enchantment.Xylitol Coated,weapon,1,10,minechem.potion.PotionEnchantmentCoated
47,enchantment.Alprazolam Coated,weapon,1,10,minechem.potion.PotionEnchantmentCoated
48,enchantment.arrowDamage,bow,1,5,net.minecraft.enchantment.EnchantmentArrowDamage
49,enchantment.arrowKnockback,bow,1,2,net.minecraft.enchantment.EnchantmentArrowKnockback
50,enchantment.arrowFire,bow,1,1,net.minecraft.enchantment.EnchantmentArrowFire
51,enchantment.arrowInfinite,bow,1,1,net.minecraft.enchantment.EnchantmentArrowInfinite
52,enchantment.Cocaine Coated,weapon,1,10,minechem.potion.PotionEnchantmentCoated
53,enchantment.Cocaine Hydrochloride Coated,weapon,1,10,minechem.potion.PotionEnchantmentCoated
54,enchantment.Methylene Blue Coated,weapon,1,10,minechem.potion.PotionEnchantmentCoated
55,enchantment.Methyl Alcohol Coated,weapon,1,10,minechem.potion.PotionEnchantmentCoated
56,enchantment.Radium Chloride Coated,weapon,1,10,minechem.potion.PotionEnchantmentCoated
57,enchantment.Caulerpenyne Coated,weapon,1,10,minechem.potion.PotionEnchantmentCoated
58,enchantment.Hyoscyamine Coated,weapon,1,10,minechem.potion.PotionEnchantmentCoated
59,null,null,null,null
60,null,null,null,null
61,null,null,null,null
62,null,null,null,null
63,null,null,null,null
64,null,null,null,null
65,null,null,null,null
66,enchantment.cluster,digger,1,4,com.spiteful.forbidden.enchantments.EnchantmentCluster
67,enchantment.pigbane,weapon,1,5,com.spiteful.forbidden.enchantments.EnchantmentPigBane
68,enchantment.greedy,weapon,1,1,com.spiteful.forbidden.enchantments.EnchantmentGreedy
69,enchantment.consuming,digger,1,1,com.spiteful.forbidden.enchantments.EnchantmentConsuming
70,enchantment.educational,weapon,1,5,com.spiteful.forbidden.enchantments.EnchantmentEducational
71,enchantment.corrupting,digger,1,1,com.spiteful.forbidden.enchantments.EnchantmentCorrupting
72,enchantment.eternal,digger,1,1,com.spiteful.forbidden.enchantments.EnchantmentEternal
73,null,null,null,null
74,null,null,null,null
75,null,null,null,null
76,null,null,null,null
77,enchantment.binding,weapon,1,2,flaxbeard.thaumicexploration.enchantment.EnchantmentBinding
78,enchantment.nightVision,armor_head,1,1,flaxbeard.thaumicexploration.enchantment.EnchantmentNightVision
79,enchantment.disarm,weapon,1,3,flaxbeard.thaumicexploration.enchantment.EnchantmentDisarm
80,enchantment.imperviousness,armor,1,1,ganymedes01.ganysend.enchantment.ImperviousnessEnchantment
81,null,null,null,null
82,null,null,null,null
83,null,null,null,null
84,null,null,null,null
85,null,null,null,null
86,null,null,null,null
87,null,null,null,null
88,null,null,null,null
89,null,null,null,null
90,null,null,null,null
91,null,null,null,null
92,null,null,null,null
93,null,null,null,null
94,null,null,null,null
95,null,null,null,null
96,null,null,null,null
97,null,null,null,null
98,null,null,null,null
99,null,null,null,null
100,enchantment.magicresist,armor,1,5,am2.enchantments.EnchantMagicResist
101,null,null,null,null
102,null,null,null,null
103,null,null,null,null
104,enchantment.soulbound,all,1,1,am2.enchantments.EnchantmentSoulbound
105,null,null,null,null
106,null,null,null,null
107,null,null,null,null
108,null,null,null,null
109,null,null,null,null
110,null,null,null,null
111,null,null,null,null
112,null,null,null,null
113,null,null,null,null
114,null,null,null,null
115,null,null,null,null
116,null,null,null,null
117,null,null,null,null
118,null,null,null,null
119,null,null,null,null
120,null,null,null,null
121,null,null,null,null
122,null,null,null,null
123,null,null,null,null
124,null,null,null,null
125,null,null,null,null
126,null,null,null,null
127,null,null,null,null
128,null,null,null,null
129,null,null,null,null
130,null,null,null,null
131,null,null,null,null
132,null,null,null,null
133,null,null,null,null
134,null,null,null,null
135,null,null,null,null
136,enchantment.tfFireReact,armor,1,1,twilightforest.EnchantmentTFFireReact
137,null,null,null,null
138,null,null,null,null
139,null,null,null,null
140,null,null,null,null
141,null,null,null,null
142,null,null,null,null
143,null,null,null,null
144,null,null,null,null
145,null,null,null,null
146,null,null,null,null
147,null,null,null,null
148,null,null,null,null
149,null,null,null,null
150,enchantment.potency,all,1,3,thaumcraft.common.lib.enchantment.EnchantmentPotency
151,enchantment.frugal,all,1,3,thaumcraft.common.lib.enchantment.EnchantmentFrugal
152,enchantment.wandfortune,all,1,3,thaumcraft.common.lib.enchantment.EnchantmentWandFortune
153,enchantment.haste,armor,1,3,thaumcraft.common.lib.enchantment.EnchantmentHaste
154,enchantment.repair,all,1,2,thaumcraft.common.lib.enchantment.EnchantmentRepair
155,enchantment.health,all,1,3,mariculture.magic.enchantments.EnchantmentHealth
156,enchantment.blink,all,1,3,mariculture.magic.enchantments.EnchantmentBlink
157,enchantment.fall,all,1,4,mariculture.magic.enchantments.EnchantmentFallDamage
158,enchantment.fireResistance,all,1,3,mariculture.magic.enchantments.EnchantmentFire
159,enchantment.jump,all,1,4,mariculture.magic.enchantments.EnchantmentJump
160,enchantment.luck,all,1,5,mariculture.magic.enchantments.EnchantmentLuck
161,enchantment.hungry,all,1,5,mariculture.magic.enchantments.EnchantmentNeverHungry
162,enchantment.glide,all,1,2,mariculture.magic.enchantments.EnchantmentGlide
163,enchantment.poison,all,1,3,mariculture.magic.enchantments.EnchantmentPoison
164,enchantment.punch,all,1,3,mariculture.magic.enchantments.EnchantmentPunch
165,enchantment.resurrection,all,1,3,mariculture.magic.enchantments.EnchantmentResurrection
166,enchantment.restore,all,1,3,mariculture.magic.enchantments.EnchantmentRestore
167,enchantment.speed,all,1,5,mariculture.magic.enchantments.EnchantmentSpeed
168,enchantment.spiderman,all,1,1,mariculture.magic.enchantments.EnchantmentSpider
169,enchantment.stepUp,all,1,3,mariculture.magic.enchantments.EnchantmentStepUp
170,enchantment.flight,all,1,3,mariculture.magic.enchantments.EnchantmentFlight
171,enchantment.oneRing,all,1,1,mariculture.magic.enchantments.EnchantmentOneRing
172,enchantment.clock,all,1,1,mariculture.magic.enchantments.EnchantmentClock
173,enchantment.ttinkerer:valiance,weapon,1,5,vazkii.tinkerer.common.enchantment.EnchantmentValiance
174,null,null,null,null
175,null,null,null,null
176,null,null,null,null
177,null,null,null,null
178,null,null,null,null
179,null,null,null,null
180,enchantment.ttinkerer:dispersedStrike,weapon,1,5,vazkii.tinkerer.common.enchantment.EnchantmentDispersedStrikes
181,enchantment.ttinkerer:finalStrike,weapon,1,5,vazkii.tinkerer.common.enchantment.EnchantmentFinalStrike
182,null,null,null,null
183,enchantment.ttinkerer:pounce,armor_legs,1,5,vazkii.tinkerer.common.enchantment.EnchantmentPounce
184,enchantment.ttinkerer:shatter,digger,1,5,vazkii.tinkerer.common.enchantment.EnchantmentShatter
185,enchantment.ttinkerer:shockwave,armor_feet,1,5,vazkii.tinkerer.common.enchantment.EnchantmentShockwave
186,enchantment.ttinkerer:tunnel,digger,1,5,vazkii.tinkerer.common.enchantment.EnchantmentTunnel
187,enchantment.ttinkerer:focusedStrike,weapon,1,5,vazkii.tinkerer.common.enchantment.EnchantmentFocusedStrikes
188,Reading,armor_head,1,1,jds.bibliocraft.EnchantmentReading
189,null,null,null,null
190,null,null,null,null
191,null,null,null,null
192,null,null,null,null
193,null,null,null,null
194,null,null,null,null
195,null,null,null,null
196,null,null,null,null
197,null,null,null,null
198,null,null,null,null
199,null,null,null,null
200,null,null,null,null
201,null,null,null,null
202,null,null,null,null
203,null,null,null,null
204,null,null,null,null
205,null,null,null,null
206,null,null,null,null
207,null,null,null,null
208,null,null,null,null
209,null,null,null,null
210,null,null,null,null
211,enchantment.openblocks.explosive,armor,1,3,openblocks.enchantments.EnchantmentExplosive
212,enchantment.openblocks.laststand,armor,1,2,openblocks.enchantments.EnchantmentLastStand
213,enchantment.openblocks.flimflam,all,1,4,openblocks.enchantments.EnchantmentFlimFlam
214,null,null,null,null
215,null,null,null,null
216,null,null,null,null
217,null,null,null,null
218,null,null,null,null
219,null,null,null,null
220,enchantment.ttinkerer:ascentBoost,armor_legs,1,4,vazkii.tinkerer.common.enchantment.EnchantmentAscentBoost
221,enchantment.ttinkerer:slowFall,armor_feet,1,3,vazkii.tinkerer.common.enchantment.EnchantmentSlowFall
222,enchantment.ttinkerer:autoSmelt,digger,1,1,vazkii.tinkerer.common.enchantment.EnchantmentAutoSmelt
223,enchantment.ttinkerer:desintegrate,digger,1,1,vazkii.tinkerer.common.enchantment.EnchantmentDesintegrate
224,enchantment.ttinkerer:quickDraw,bow,1,2,vazkii.tinkerer.common.enchantment.EnchantmentQuickDraw
225,enchantment.ttinkerer:vampirism,weapon,1,2,vazkii.tinkerer.common.enchantment.EnchantmentVampirism
226,enchantment.betterstorage.key.lockpicking,key,1,5,net.mcft.copy.betterstorage.item.EnchantmentBetterStorage
227,enchantment.betterstorage.key.morphing,key,1,5,net.mcft.copy.betterstorage.item.EnchantmentBetterStorage
228,enchantment.betterstorage.lock.persistance,lock,1,5,net.mcft.copy.betterstorage.item.EnchantmentBetterStorage
229,enchantment.betterstorage.lock.security,lock,1,5,net.mcft.copy.betterstorage.item.EnchantmentBetterStorage
230,enchantment.betterstorage.lock.shock,lock,1,3,net.mcft.copy.betterstorage.item.EnchantmentBetterStorage
231,enchantment.betterstorage.lock.trigger,lock,1,1,net.mcft.copy.betterstorage.item.EnchantmentBetterStorage
232,enchantment.betterstorage.key.unlocking,key,1,5,net.mcft.copy.betterstorage.item.EnchantmentBetterStorage
233,null,null,null,null
234,null,null,null,null
235,null,null,null,null
236,null,null,null,null
237,null,null,null,null
238,null,null,null,null
239,null,null,null,null
240,null,null,null,null
241,null,null,null,null
242,null,null,null,null
243,null,null,null,null
244,null,null,null,null
245,null,null,null,null
246,null,null,null,null
247,null,null,null,null
248,null,null,null,null
249,null,null,null,null
250,null,null,null,null
251,null,null,null,null
252,null,null,null,null
253,null,null,null,null
254,null,null,null,null
255,null,null,null,null
