{
	"_comment": "Begin Dimensional level upgrades.",
	"function": "all",
	"functions": [{
		"_comment": "Overworld Mobs are Level 1",
		"function": "if_in_dimension_0",
		"functions": [{
			"function": "external",
			"file": "level-1-drops"
		}]
	},{
		"_comment": "Nether Mobs are Level 2",
		"function": "if_in_dimension_-1",
		"functions": [{
			"function": "external",
			"file": "level-2-drops"
		}]
	},
	{
		"_comment": "End Mobs are Level 4",
		"function": "if_in_dimension_1",
		"functions": [{
			"function": "external",
			"file": "level-4-drops"
		}]
	}],
	"count": .05
}