{
	"_comment": "give them a small chance to drop a gold ingot or an emerald for your trouble",
	"function": "all",
	"functions": [{
		"function": "xp",
		"operation": "mult",
		"value": 11.0
	},
	{
		"function": "if_beyond_500",
		"functions": [{
			"function": "!if_beyond_1000",
			"functions": [{
				"function": "add",
				"id": "gold_ingot",
				"count": 0.05
			}]
		}]
	},
	{
		"function": "if_beyond_1000",
		"functions": [{
			"function": "!if_beyond_1500",
			"functions": [{
				"function": "add",
				"id": "gold_ingot",
				"count": 0.05
			}]
		}]
	},
	{
		"function": "if_beyond_1500",
		"functions": [{
			"function": "!if_beyond_2000",
			"functions": [{
				"function": "add",
				"id": "gold_ingot",
				"count": 0.05
			}]
		}]
	},
	{
		"function": "if_beyond_2000",
		"functions": [{
			"function": "!if_beyond_2500",
			"functions": [{
				"function": "add",
				"id": "gold_ingot",
				"count": 0.05
			}]
		}]
	},
	{
		"function": "if_beyond_2500",
		"functions": [{
			"function": "!if_beyond_3000",
			"functions": [{
				"function": "add",
				"id": "gold_ingot",
				"count": 0.05
			}]
		}]
	},
	{
		"function": "if_beyond_3000",
		"functions": [{
			"function": "!if_beyond_3500",
			"functions": [{
				"function": "add",
				"id": "gold_ingot",
				"count": 0.05
			}]
		}]
	},
	{
		"function": "if_beyond_3500",
		"functions": [{
			"function": "!if_beyond_4000",
			"functions": [{
				"function": "add",
				"id": "gold_ingot",
				"count": 0.05
			}]
		}]
	},
	{
		"function": "if_beyond_4000",
		"functions": [{
			"function": "!if_beyond_1000",
			"functions": [{
				"function": "add",
				"id": "gold_ingot",
				"count": 0.05
			}]
		}]
	},
	{
		"function": "if_beyond_4500",
		"functions": [{
			"function": "!if_beyond_5000",
			"functions": [{
				"function": "add",
				"id": "gold_ingot",
				"count": 0.05
			}]
		}]
	},
	{
		"function": "if_beyond_5000",
		"functions": [{
			"function": "!if_beyond_7500",
			"functions": [{
				"function": "add",
				"id": "gold_ingot",
				"count": 0.05
			}]
		}]
	}]
}